Workbook

Sheet Summary
C2: Test Report for Senao P2MP UBR630
C3: Image Version | G3: Release v1.0.0.124/125
C4: Tested By
C5: Image status
C6: Model No | G6: A60/A61 & UBR630/UBR650
C10: Index | G10: TOTAL | H10: PASS | I10: FAIL | J10: NOT TESTED | K10: NOT APPLICABLE | L10: NOT AVAILABLE | M10: Comments | N10: % Completion | O10: Automated Test cases
C11: RFC Results | G11: 13 | H11: 0 | I11: 0 | J11: 13 | K11: 0 | L11: 0 | M11: Single SU throughput is impacted | N11: =IF(G11-K11=0,0,(H11+I11+L11)/(G11-K11)) -> 0
C12: Sanity | G12: 115 | H12: =COUNTIF(Sanity!$K:$K,"PASS") -> 86 | I12: =COUNTIF(Sanity!$K:$K,"FAIL") -> 7 | J12: =COUNTIF(Sanity!$K:$K,"NOT TESTED") -> 0 | K12: =COUNTIF(Sanity!$K:$K,"NOT APPLICABLE") -> 1 | L12: =COUNTIF(Sanity!$K:$K,"NOT Available") -> 21 | N12: =IF(G12-K12=0,0,(H12+I12+L12)/(G12-K12)) -> 1
C13: Tx Power Measurement | G13: 1 | H13: 0 | I13: 0 | J13: 0 | K13: 0 | L13: 1 | N13: =IF(G13-K13=0,0,(H13+I13+L13)/(G13-K13)) -> 1
C14: GUI | G14: 139 | H14: =COUNTIF(GUI!$K:$K,"PASS") -> 131 | I14: =COUNTIF(GUI!$K:$K,"FAIL") -> 2 | J14: =COUNTIF(GUI!$K:$K,"NOT TESTED") -> 0 | K14: =COUNTIF(GUI!$K:$K,"NOT APPLICABLE") -> 0 | L14: =COUNTIF(GUI!$K:$K,"NOT Available") -> 6 | N14: =IF(G14-K14=0,0,(H14+I14+L14)/(G14-K14)) -> 1
C15: Throughput per MCS | G15: 192 | H15: 192 | I15: 0 | J15: 0 | K15: 0 | L15: 0 | N15: =IF(G15-K15=0,0,(H15+I15+L15)/(G15-K15)) -> 1
C16: ATPC | G16: 10 | H16: =COUNTIF(ATPC!$J:$J,"PASS") -> 0 | I16: =COUNTIF(ATPC!$J:$J,"FAIL") -> 0 | J16: =COUNTIF(ATPC!$J:$J,"NOT TESTED") -> 0 | K16: =COUNTIF(ATPC!$J:$J,"NOT APPLICABLE") -> 0 | L16: =COUNTIF(ATPC!$J:$J,"NOT Available") -> 10 | N16: =IF(G16-K16=0,0,(H16+I16+L16)/(G16-K16)) -> 1
C17: Jumbo Frames | G17: 10 | H17: =COUNTIF('Jumbo Frames'!$J:$J,"PASS") -> 10 | I17: =COUNTIF('Jumbo Frames'!$J:$J,"FAIL") -> 0 | J17: =COUNTIF('Jumbo Frames'!$J:$J,"NOT TESTED") -> 0 | K17: =COUNTIF('Jumbo Frames'!$J:$J,"NOT APPLICABLE") -> 0 | L17: =COUNTIF('Jumbo Frames'!$J:$J,"NOT Available") -> 0 | N17: =IF(G17-K17=0,0,(H17+I17+L17)/(G17-K17)) -> 1
C18: VLAN | G18: 59 | H18: =COUNTIF(VLAN!$J:$J,"PASS") -> 49 | I18: =COUNTIF(VLAN!$J:$J,"FAIL") -> 2 | J18: =COUNTIF(VLAN!$J:$J,"NOT TESTED") -> 0 | K18: =COUNTIF(VLAN!$J:$J,"NOT APPLICABLE") -> 2 | L18: =COUNTIF(VLAN!$J:$J,"NOT AVAILABLE") -> 6 | N18: =IF(G18-K18=0,0,(H18+I18+L18)/(G18-K18)) -> 1
C19: Functional | G19: 28 | H19: =COUNTIF(Functional!$J:$J,"PASS") -> 27 | I19: =COUNTIF(Functional!$J:$J,"FAIL") -> 0 | J19: =COUNTIF(Functional!$J:$J,"NOT TESTED") -> 0 | K19: =COUNTIF(Functional!$J:$J,"NOT APPLICABLE") -> 0 | L19: =COUNTIF(Functional!$J:$J,"NOT Available") -> 1 | M19: CPU Overload test case (1) | N19: =IF(G19-K19=0,0,(H19+I19+L19)/(G19-K19)) -> 1
C20: Link Test Tool | G20: 32 | H20: =COUNTIF('Link Test Tool'!$J:$J,"PASS") -> 25 | I20: =COUNTIF('Link Test Tool'!$J:$J,"FAIL") -> 1 | J20: =COUNTIF('Link Test Tool'!$J:$J,"NOT TESTED") -> 0 | K20: =COUNTIF('Link Test Tool'!$J:$J,"NOT APPLICABLE") -> 0 | L20: =COUNTIF('Link Test Tool'!$J:$J,"NOT AVAILABLE") -> 6 | N20: =IF(G20-K20=0,0,(H20+I20+L20)/(G20-K20)) -> 1
C21: Ethernet Test | G21: 23 | H21: =COUNTIF('Ethernet Test'!$F:$F,"PASS") -> 23 | I21: =COUNTIF('Ethernet Test'!$F:$F,"FAIL") -> 0 | J21: =COUNTIF('Ethernet Test'!$F:$F,"NOT TESTED") -> 0 | K21: =COUNTIF('Ethernet Test'!$F:$F,"NOT APPLICABLE") -> 0 | L21: =COUNTIF('Ethernet Test'!$F:$F,"NOT AVAILABLE") -> 0 | N21: =IF(G21-K21=0,0,(H21+I21+L21)/(G21-K21)) -> 1
C22: Arp & Bridge Table | G22: 11 | H22: =COUNTIF('Arp & Bridge Table'!$J:$J,"PASS") -> 11 | I22: =COUNTIF('Arp & Bridge Table'!$J:$J,"FAIL") -> 0 | J22: =COUNTIF('Arp & Bridge Table'!$J:$J,"NOT TESTED") -> 0 | K22: =COUNTIF('Arp & Bridge Table'!$J:$J,"NOT APPLICABLE") -> 0 | L22: =COUNTIF('Arp & Bridge Table'!$J:$J,"NOT AVAILABLE") -> 0 | N22: =IF(G22-K22=0,0,(H22+I22+L22)/(G22-K22)) -> 1
C23: Cable Length | G23: 20 | H23: 12 | I23: 8 | J23: 0 | K23: 0 | L23: 0 | N23: =IF(G23-K23=0,0,(H23+I23+L23)/(G23-K23)) -> 1
C24: QoS | G24: 40 | H24: =COUNTIF(QoS!$J:$J,"PASS") -> 40 | I24: =COUNTIF(QoS!$J:$J,"FAIL") -> 0 | J24: =COUNTIF(QoS!$J:$J,"NOT TESTED") -> 0 | K24: =COUNTIF(QoS!$J:$J,"NOT APPLICABLE") -> 0 | L24: =COUNTIF(QoS!$J:$J,"NOT AVAILABLE") -> 0 | N24: =IF(G24-K24=0,0,(H24+I24+L24)/(G24-K24)) -> 1
C25: DCS | G25: 18 | H25: =COUNTIF(DCS!$J:$J,"PASS") -> 10 | I25: =COUNTIF(DCS!$J:$J,"FAIL") -> 8 | J25: =COUNTIF(DCS!$J:$J,"NOT TESTED") -> 0 | K25: =COUNTIF(DCS!$J:$J,"NOT APPLICABLE") -> 0 | L25: =COUNTIF(DCS!$J:$J,"NOT AVAILABLE") -> 0 | N25: =IF(G25-K25=0,0,(H25+I25+L25)/(G25-K25)) -> 1
C26: DDRS | G26: 71 | H26: =COUNTIF(DDRS!$J:$J,"PASS") -> 61 | I26: =COUNTIF(DDRS!$J:$J,"FAIL") -> 6 | J26: =COUNTIF(DDRS!$J:$J,"NOT TESTED") -> 0 | K26: =COUNTIF(DDRS!$J:$J,"NOT APPLICABLE") -> 0 | L26: =COUNTIF(DDRS!$J:$J,"NOT AVAILABLE") -> 4 | N26: =IF(G26-K26=0,0,(H26+I26+L26)/(G26-K26)) -> 1
C27: OFDMA | G27: 20 | H27: =COUNTIF(OFDMA!$J:$J,"PASS") -> 0 | I27: =COUNTIF(OFDMA!$J:$J,"FAIL") -> 0 | J27: =COUNTIF(OFDMA!$J:$J,"NOT TESTED") -> 0 | K27: =COUNTIF(OFDMA!$J:$J,"NOT APPLICABLE") -> 0 | L27: =COUNTIF(OFDMA!$J:$J,"NOT AVAILABLE") -> 44 | N27: =IF(G27-K27=0,0,(H27+I27+L27)/(G27-K27)) -> 2.2
C28: MU-MIMO | G28: 19 | H28: =COUNTIF('MU-MIMO'!$J:$J,"PASS") -> 0 | I28: =COUNTIF('MU-MIMO'!$J:$J,"FAIL") -> 0 | J28: =COUNTIF('MU-MIMO'!$J:$J,"NOT TESTED") -> 0 | K28: =COUNTIF('MU-MIMO'!$J:$J,"NOT APPLICABLE") -> 0 | L28: =COUNTIF('MU-MIMO'!$J:$J,"NOT AVAILABLE") -> 19 | N28: =IF(G28-K28=0,0,(H28+I28+L28)/(G28-K28)) -> 1
C29: Spectrum Analyser & Site Survey | G29: 26 | H29: =COUNTIF('Spectrum Analyser & Site Survey'!$J:$J,"PASS") -> 23 | I29: =COUNTIF('Spectrum Analyser & Site Survey'!$J:$J,"FAIL") -> 2 | J29: =COUNTIF('Spectrum Analyser & Site Survey'!$J:$J,"NOT TESTED") -> 0 | K29: =COUNTIF('Spectrum Analyser & Site Survey'!$J:$J,"NOT APPLICABLE") -> 0 | L29: =COUNTIF('Spectrum Analyser & Site Survey'!$J:$J,"NOT AVAILABLE") -> 1 | N29: =IF(G29-K29=0,0,(H29+I29+L29)/(G29-K29)) -> 1
C30: IPv4 & IPv6 | G30: 49 | H30: =COUNTIF('IPv4 & IPv6'!$J:$J,"Pass") -> 49 | I30: =COUNTIF('IPv4 & IPv6'!$J:$J,"FAIL") -> 0 | J30: =COUNTIF('IPv4 & IPv6'!$J:$J,"NOT TESTED") -> 0 | K30: =COUNTIF('IPv4 & IPv6'!$J:$J,"NOT APPLICABLE") -> 0 | L30: =COUNTIF('IPv4 & IPv6'!$I:$I,"NOT AVAILABLE") -> 0 | N30: =IF(G30-K30=0,0,(H30+I30+L30)/(G30-K30)) -> 1
C31: DHCPv4 & DHCPv6 | G31: 58 | H31: =COUNTIF('DHCPv4 & DHCPv6'!$J:$J,"PASS") -> 56 | I31: =COUNTIF('DHCPv4 & DHCPv6'!$J:$J,"FAIL") -> 2 | J31: =COUNTIF('DHCPv4 & DHCPv6'!$J:$J,"NOT TESTED") -> 0 | K31: =COUNTIF('DHCPv4 & DHCPv6'!$J:$J,"NOT APPLICABLE") -> 0 | L31: =COUNTIF('DHCPv4 & DHCPv6'!$J:$J,"NOT AVAILABLE") -> 0 | N31: =IF(G31-K31=0,0,(H31+I31+L31)/(G31-K31)) -> 1
C32: User Management | G32: 50 | H32: =COUNTIF('User Management'!$J:$J,"PASS") -> 45 | I32: =COUNTIF('User Management'!$J:$J,"FAIL") -> 5 | J32: =COUNTIF('User Management'!$J:$J,"NOT TESTED") -> 0 | K32: =COUNTIF('User Management'!$J:$J,"NOT APPLICABLE") -> 0 | L32: =COUNTIF('User Management'!$J:$J,"NOT AVAILABLE") -> 0 | N32: =IF(G32-K32=0,0,(H32+I32+L32)/(G32-K32)) -> 1
C33: SECURE-DUAL-BOOT | G33: 28 | H33: =COUNTIF('SECURE-DUAL-BOOT'!$J:$J,"PASS") -> 19 | I33: =COUNTIF('SECURE-DUAL-BOOT'!$J:$J,"FAIL") -> 1 | J33: =COUNTIF('SECURE-DUAL-BOOT'!$J:$J,"NOT TESTED") -> 0 | K33: =COUNTIF('SECURE-DUAL-BOOT'!$J:$J,"NOT APPLICABLE") -> 0 | L33: =COUNTIF('SECURE-DUAL-BOOT'!$J:$J,"NOT AVAILABLE") -> 8 | N33: =IF(G33-K33=0,0,(H33+I33+L33)/(G33-K33)) -> 1
C34: Device Management | G34: 45 | H34: =COUNTIF('Device Management'!$J:$J,"PASS") -> 38 | I34: =COUNTIF('Device Management'!$J:$J,"FAIL") -> 0 | J34: =COUNTIF('Device Management'!$J:$J,"NOT TESTED") -> 0 | K34: =COUNTIF('Device Management'!$J:$J,"NOT APPLICABLE") -> 5 | L34: =COUNTIF('Device Management'!$J:$J,"NOT AVAILABLE") -> 2 | N34: =IF(G34-K34=0,0,(H34+I34+L34)/(G34-K34)) -> 1
C35: Wireless Security - WPA2-WPA3 | G35: 14 | H35: =COUNTIF('Wireless Security - WPA2-WPA3'!$J:$J,"PASS") -> 8 | I35: =COUNTIF('Wireless Security - WPA2-WPA3'!$J:$J,"FAIL") -> 0 | J35: =COUNTIF('Wireless Security - WPA2-WPA3'!$J:$J,"NOT TESTED") -> 0 | K35: =COUNTIF('Wireless Security - WPA2-WPA3'!$J:$J,"NOT APPLICABLE") -> 0 | L35: =COUNTIF('Wireless Security - WPA2-WPA3'!$J:$J,"NOT AVAILABLE") -> 6 | N35: =IF(G35-K35=0,0,(H35+I35+L35)/(G35-K35)) -> 1
C36: CPE-Power-On-PoE-Mechanism | G36: 40 | H36: =COUNTIF('CPE-Power-On-PoE-Mechanism'!$J:$J,"PASS") -> 27 | I36: =COUNTIF('CPE-Power-On-PoE-Mechanism'!$J:$J,"FAIL") -> 2 | J36: =COUNTIF('CPE-Power-On-PoE-Mechanism'!$J:$J,"NOT TESTED") -> 0 | K36: =COUNTIF('CPE-Power-On-PoE-Mechanism'!$J:$J,"NOT APPLICABLE") -> 0 | L36: =COUNTIF('CPE-Power-On-PoE-Mechanism'!$J:$J,"NOT AVAILABLE") -> 11 | N36: =IF(G36-K36=0,0,(H36+I36+L36)/(G36-K36)) -> 1
C37: 2.4 GHz Radio | G37: 40 | H37: =COUNTIF('2.4 GHz Radio'!$J:$J,"PASS") -> 37 | I37: =COUNTIF('2.4 GHz Radio'!$J:$J,"FAIL") -> 1 | J37: =COUNTIF('2.4 GHz Radio'!$J:$J,"NOT TESTED") -> 0 | K37: =COUNTIF('2.4 GHz Radio'!$J:$J,"NOT APPLICABLE") -> 0 | L37: =COUNTIF('2.4 GHz Radio'!$J:$J,"NOT AVAILABLE") -> 2 | N37: =IF(G37-K37=0,0,(H37+I37+L37)/(G37-K37)) -> 1
C38: CPE and IDU DHCP Authentication | G38: 82 | H38: =COUNTIF('CPE and IDU DHCP Authentication'!$J:$J,"PASS") -> 77 | I38: =COUNTIF('CPE and IDU DHCP Authentication'!$J:$J,"FAIL") -> 2 | J38: =COUNTIF('CPE and IDU DHCP Authentication'!$J:$J,"NOT TESTED") -> 2 | K38: =COUNTIF('CPE and IDU DHCP Authentication'!$J:$J,"NOT APPLICABLE") -> 0 | L38: =COUNTIF('CPE and IDU DHCP Authentication'!$J:$J,"NOT AVAILABLE") -> 1 | N38: =IF(G38-K38=0,0,(H38+I38+L38)/(G38-K38)) -> 0.97560976
C39: Process Monitoring | G39: 19 | H39: =COUNTIF('Process Monitoring'!$J:$J,"PASS") -> 19 | I39: =COUNTIF('Process Monitoring'!$J:$J,"FAIL") -> 0 | J39: =COUNTIF('Process Monitoring'!$J:$J,"NOT TESTED") -> 0 | K39: =COUNTIF('Process Monitoring'!$J:$J,"NOT APPLICABLE") -> 0 | L39: =COUNTIF('Process Monitoring'!$J:$J,"NOT AVAILABLE") -> 0 | N39: =IF(G39-K39=0,0,(H39+I39+L39)/(G39-K39)) -> 1
C40: PPPoE | G40: 20 | H40: =COUNTIF(PPPoE!$J:$J,"PASS") -> 18 | I40: =COUNTIF(PPPoE!$J:$J,"FAIL") -> 0 | J40: =COUNTIF(PPPoE!$J:$J,"NOT TESTED") -> 2 | K40: =COUNTIF(PPPoE!$J:$J,"NOT APPLICABLE") -> 0 | L40: =COUNTIF(PPPoE!$J:$J,"NOT AVAILABLE") -> 0 | N40: =IF(G40-K40=0,0,(H40+I40+L40)/(G40-K40)) -> 0.9
C41: Logs | G41: 97 | H41: =COUNTIF(Logs!$J:$J,"PASS") -> 95 | I41: =COUNTIF(Logs!$J:$J,"FAIL") -> 0 | J41: =COUNTIF(Logs!$J:$J,"NOT TESTED") -> 0 | K41: =COUNTIF(Logs!$J:$J,"NOT APPLICABLE") -> 0 | L41: =COUNTIF(Logs!$J:$J,"NOT AVAILABLE") -> 2 | N41: =IF(G41-K41=0,0,(H41+I41+L41)/(G41-K41)) -> 1
C42: GPS | G42: 17 | H42: =COUNTIF(GPS!$J:$J,"PASS") -> 14 | I42: =COUNTIF(GPS!$J:$J,"FAIL") -> 0 | J42: =COUNTIF(GPS!$J:$J,"NOT TESTED") -> 0 | K42: =COUNTIF(GPS!$J:$J,"NOT APPLICABLE") -> 2 | L42: =COUNTIF(GPS!$J:$J,"NOT AVAILABLE") -> 1 | N42: =IF(G42-K42=0,0,(H42+I42+L42)/(G42-K42)) -> 1
C43: NMS-Client Communication | G43: 29 | H43: =COUNTIF('NMS-Client Communication'!$J:$J,"PASS") -> 14 | I43: =COUNTIF('NMS-Client Communication'!$J:$J,"FAIL") -> 0 | J43: =COUNTIF('NMS-Client Communication'!$J:$J,"NOT TESTED") -> 0 | K43: =COUNTIF('NMS-Client Communication'!$J:$J,"NOT APPLICABLE") -> 3 | L43: =COUNTIF('NMS-Client Communication'!$J:$J,"NOT AVAILABLE") -> 12 | N43: =IF(G43-K43=0,0,(H43+I43+L43)/(G43-K43)) -> 1
C44: API | G44: 27 | H44: =COUNTIF(API!$J:$J,"PASS") -> 21 | I44: =COUNTIF(API!$J:$J,"FAIL") -> 0 | J44: =COUNTIF(API!$J:$J,"NOT TESTED") -> 0 | K44: =COUNTIF(API!$J:$J,"NOT APPLICABLE") -> 0 | L44: =COUNTIF(API!$J:$J,"NOT AVAILABLE") -> 6 | N44: =IF(G44-K44=0,0,(H44+I44+L44)/(G44-K44)) -> 1
C45: Cascaded BTS Deployment | G45: 58 | H45: =COUNTIF('Cascaded BTS Deployment'!$J:$J,"PASS") -> 36 | I45: =COUNTIF('Cascaded BTS Deployment'!$J:$J,"FAIL") -> 3 | J45: =COUNTIF('Cascaded BTS Deployment'!$J:$J,"NOT TESTED") -> 0 | K45: =COUNTIF('Cascaded BTS Deployment'!$J:$J,"NOT APPLICABLE") -> 0 | L45: =COUNTIF('Cascaded BTS Deployment'!$J:$J,"NOT AVAILABLE") -> 19 | M45: Not Tested Due To Hardware | N45: =IF(G45-K45=0,0,(H45+I45+L45)/(G45-K45)) -> 1
C46: Device_NMS_Interoperability | G46: 141 | H46: =COUNTIF(Device_NMS_Interoperability!$J:$J,"PASS") -> 49 | I46: =COUNTIF(Device_NMS_Interoperability!$J:$J,"FAIL") -> 6 | J46: =COUNTIF(Device_NMS_Interoperability!$J:$J,"NOT TESTED") -> 0 | K46: =COUNTIF(Device_NMS_Interoperability!$J:$J,"NOT APPLICABLE") -> 0 | L46: =COUNTIF(Device_NMS_Interoperability!$J:$J,"NOT AVAILABLE") -> 86 | N46: =IF(G46-K46=0,0,(H46+I46+L46)/(G46-K46)) -> 1
C47: Firewall | G47: 6 | H47: =COUNTIF(Firewall!$J:$J,"PASS") -> 4 | I47: =COUNTIF(Firewall!$J:$J,"FAIL") -> 1 | J47: =COUNTIF(Firewall!$J:$J,"NOT TESTED") -> 1 | K47: =COUNTIF(Firewall!$J:$J,"NOT APPLICABLE") -> 0 | L47: =COUNTIF(Firewall!$J:$J,"NOT AVAILABLE") -> 0 | M47: Waiting for server to install OpenVAS | N47: =IF(G47-K47=0,0,(H47+I47+L47)/(G47-K47)) -> 0.83333333
C48: Co-Channel | G48: 2 | H48: 2 | I48: 0 | J48: 0 | K48: 0 | L48: 0 | N48: =IF(G48-K48=0,0,(H48+I48+L48)/(G48-K48)) -> 1
C49: Asymmetric CBW | G49: 12 | H49: =COUNTIF('Asymmetric CBW'!$J:$J,"PASS") -> 12 | I49: =COUNTIF('Asymmetric CBW'!$J:$J,"FAIL") -> 0 | J49: =COUNTIF('Asymmetric CBW'!$J:$J,"Not Tested") -> 0 | K49: =COUNTIF('Asymmetric CBW'!$J:$J,"NOT APPLICABLE") -> 0 | L49: =COUNTIF('Asymmetric CBW'!$J:$J,"NOT AVAILABLE") -> 0 | N49: =IF(G49-K49=0,0,(H49+I49+L49)/(G49-K49)) -> 1
C50: Security | G50: 16 | H50: =COUNTIF(Security!$J:$J,"PASS") -> 14 | I50: =COUNTIF(Security!$J:$J,"Fail") -> 0 | J50: =COUNTIF(Security!$J:$J,"Not Tested") -> 0 | K50: =COUNTIF(Security!$J:$J,"NOT APPLICABLE") -> 0 | L50: =COUNTIF(Security!$J:$J,"Not Available") -> 2 | N50: =IF(G50-K50=0,0,(H50+I50+L50)/(G50-K50)) -> 1
C51: DFS | G51: 28 | H51: =COUNTIF(DFS!$J:$J,"PASS") -> 15 | I51: =COUNTIF(DFS!$J:$J,"Fail") -> 9 | J51: =COUNTIF(DFS!$J:$J,"Not Tested") -> 0 | K51: =COUNTIF(DFS!$J:$J,"NOT APPLICABLE") -> 0 | L51: =COUNTIF(DFS!$J:$J,"Not Available") -> 4 | N51: =IF(G51-K51=0,0,(H51+I51+L51)/(G51-K51)) -> 1
C52: TOTAL | G52: =SUM(G11:G51) -> 1725 | H52: =SUM(H11:H51) -> 1369 | I52: =SUM(I11:I51) -> 68 | J52: =SUM(J11:J51) -> 18 | K52: =SUM(K11:K51) -> 13 | L52: =SUM(L11:L51) -> 281 | N52: =IF(G52-K52=0,0,(H52+I52+L52)/(G52-K52)) -> 1.0035047

Sheet Revision History
A2: Test Plan Revision | B2: Senao Comment | C2: Airtel Comment
A3: Senao UBR P2MP Test Plan_v0.1 | B3: Provided Software test plan to Airtel on 31st March 2026 | C3: 1. Map the test case id from Senao test plan wrt Airtel software acceptance criteria. 2. Add negative test cases of SW Upgrade, Dying gasp. 3. LED's test as per Airtel Requirement. 4. Add OBSS, Channel Utilization is System Summary. 5. Alarms to be reworked as per Airtel requirement. 6. Remove SNMP 7. Remove CLI 8. add test to verify NMS traffic to separate VLAN and data traffic double tagged.
A4: Senao UBR P2MP Test Plan_v0.2 | B4: 1. Mapped the test case id from Senao test plan wrt Airtel software acceptance criteria and given to Airtel seperately along with test plan. 2. Added negative test cases of SW Upgrade, Dying gasp, and multiple other features wherevr applicable. 3. Modified LED's test as per Airtel Requirement. 4. Added OBSS, Channel Utilization is System Summary under Sanity. 5. Alarms to be reworked as per Airtel requirement. (Needs to confirm with Airtel can we remove from Device, Since we are covering Alarms part in NMS) 6. Removed almost all SNMP related test cases across all sheet. 7. Removed almost all CLI related test cases across all sheet except some logs related commands. 8. Added test to verify NMS traffic to separate VLAN and data traffic double tagged in VLAN sheet. 9. Added few test sheet like API, PPPoE, NMS Client Communications, GPS, Logs, Process Monitoring, 2.4 GHz Radio, CPE IDU Authentication etc. 10. Deleted few test cases which were duplicated. | C4: 1. Please add tests for cascaded BTS deployment. 2. Inter-op between NMS and CPE/BTS, test this rigorously and over long durations - this is one I am most worried about. 3. Mark tests in the sheet that are CPE only, BTS only and both. Just add a column for applicable device. 4. Add Revision History
A5: Senao UBR P2MP Test Plan_v0.3 | B5: 1. Added cascaded BTS test cases. 2. Added Device (BTS and CPE) and NMS Interoperability test 3. Added Additional column "Test Run DUT" with BTS, CPE, Both BTS and CPE option. 4. Added Revision History Tab to track. 5 Added test type column with type negative, functional, validation, configuration etc.. 6. Deleted few test cases from GUI which were not applicable for Airtel Like TWAMP, and VLAN Modes other than Management and QinQ 7. Deleted few test cases which were duplicated. | C5: 1. stress test (100 reboots, 100 factory reset, cable plug out plugin etc etc.) 2. stability 3. firewall/attack prevention 4. port isolation/traffic isoloation 5.compass accuracy tests? 6.can you add aim of test to this sheet, something aim: to test speed and duplex negotiation 7.can you also mention here that the aim of this test is to establish that the cable length can be accurately measured from the software? 8.please also add traffic isolation tests, like, CPE management or data traffic should not leak to other CPEs connected to the BTS, management and data traffic should not leak into each other's vlans. IDUs connected behind each CPE should not be reachable to each other. should there be broadcast/multicast domain related tests as well here? 9.please add test for validating IP allocation and duplicate address allocation prevention in cascaded BTS scenario and broadcast domain segregation test. 10. Cascaded BTS2&3 IP allocation via Primary BTS DHCP Server
A6: Senao UBR P2MP Test Plan_v0.4 | B6: 1. Added in the Sanity test Plan at the bottom. 2. Stability already available: DDRS_67 3. Do you mean Port blocking mechanism ? Such cases already added on individual test sheet like Speed test, port should open upon request and should close immediately. 4. Added at bottom of IPv4_IPv6 sheet and Cascaded BTS sheet. 5. Compass Accuracy added in Field test plan since it is going to carried out at Field. 6. Added Test Aim for both BTS & CPE in First Row 7. Added test Aim in the First Row 8. Added 14 test cases from IP_37 to IP_51 9. Added 10 test cases from CASCADED_BTS_41 to CASCADED_BTS_50. 10. Also added new req cascaded BTS2&3 should get IP from Primary BTS 1 DHCP server and it should be bind with MAC so every reboot or lease expiry it should allocate same IP to BTS2 and BTS3 | C6: 1. Stability: you will need to add more pass criteria, like latency number should be within acceptable threshold, average drop should be within acceptable threshold, no effect on user experience etc. 2. Firewall: validation that all ports except https are indeed blocked, attack prevention tests pass (like openvas i think does attack testing, you should be able to use that) 3. Compass: no reason for compass accuracy to not have a functional test. I would assum 4. One clarification, IPTV in airtel is unicast, so I don't see the value in this test from IPTV perspective. You should just verify IGMP/MLD snooping from the perspective that multicast flooding does not happen. You should add a test to verify DAD works though. 5. Management IP on CPEs is proposed to be IPv6, perhaps better to test MLD and also to verify that the request is not leaking to CPE 1 or any other CPE.
A7: Senao UBR P2MP Test Plan_v0.5 | B7: 1. Stability Testcases 102 to 109 added at the end of Sanity Test Sheet. 2. Added Test cases under Firewall Module in the Last Module. 3. Compass Testcases 97 to 101 added at the end of Sanity Test Sheet. 4. Added Testcases IP_52 to IP_60 5. Added Testcases IP_52 to IP_60 6. Added New Module in the Last for Co-channel and Adjuscent Channel Testing in Lab Conducted Setup. | C7: OK

Sheet Test Setup

Sheet RFC Results
B1: 20 MHz | Ratio 80-20 | K1: 20 MHz | Ratio 75-25 | T1: 20 MHz | Ratio Auto
B2: Frame Size | C2: Channel BW | D2: Tx/Rx ratio | E2: Throughput (Mbps) | G2: Latency (ms) | H2: Jitter (ms) | K2: Frame Size | L2: Channel BW | M2: Tx/Rx ratio | N2: Throughput (Mbps) | P2: Latency (ms) | Q2: Jitter (ms) | T2: Frame Size | U2: Channel BW | V2: Tx/Rx ratio | W2: Throughput (Mbps) | Y2: Latency (ms) | Z2: Jitter (ms)
E3: UL | F3: DL | H3: UL | I3: DL | N3: UL | O3: DL | Q3: UL | R3: DL | W3: UL | X3: DL | Z3: UL | AA3: DL
B4: Imix | C4: 20 MHz | D4: 80/20 | K4: Imix | L4: 20 MHz | M4: 80/20 | T4: Imix | U4: 20 MHz | V4: 80/20
B5: 64 | C5: 20 MHz | D5: 80/20 | K5: 64 | L5: 20 MHz | M5: 80/20 | T5: 64 | U5: 20 MHz | V5: 80/20
B6: 128 | C6: 20 MHz | D6: 80/20 | K6: 128 | L6: 20 MHz | M6: 80/20 | T6: 128 | U6: 20 MHz | V6: 80/20
B7: 256 | C7: 20 MHz | D7: 80/20 | K7: 256 | L7: 20 MHz | M7: 80/20 | T7: 256 | U7: 20 MHz | V7: 80/20
B8: 512 | C8: 20 MHz | D8: 80/20 | K8: 512 | L8: 20 MHz | M8: 80/20 | T8: 512 | U8: 20 MHz | V8: 80/20
B9: 1024 | C9: 20 MHz | D9: 80/20 | K9: 1024 | L9: 20 MHz | M9: 80/20 | T9: 1024 | U9: 20 MHz | V9: 80/20
B10: 1280 | C10: 20 MHz | D10: 80/20 | K10: 1280 | L10: 20 MHz | M10: 80/20 | T10: 1280 | U10: 20 MHz | V10: 80/20
B11: 1518 | C11: 20 MHz | D11: 80/20 | K11: 1518 | L11: 20 MHz | M11: 80/20 | T11: 1518 | U11: 20 MHz | V11: 80/20
B13: 40 MHz | Ratio 80-20 | K13: 40 MHz | Ratio 75-25 | T13: 40 MHz | Ratio Auto
B14: Frame Size | C14: Channel BW | D14: Tx/Rx ratio | E14: Throughput (Mbps) | G14: Latency (ms) | H14: Jitter (ms) | K14: Frame Size | L14: Channel BW | M14: Tx/Rx ratio | N14: Throughput (Mbps) | P14: Latency (ms) | Q14: Jitter (ms) | T14: Frame Size | U14: Channel BW | V14: Tx/Rx ratio | W14: Throughput (Mbps) | Y14: Latency (ms) | Z14: Jitter (ms)
E15: UL | F15: DL | H15: UL | I15: DL | N15: UL | O15: DL | Q15: UL | R15: DL | W15: UL | X15: DL | Z15: UL | AA15: DL
B16: Imix | C16: 20 MHz | D16: 80/20 | K16: Imix | L16: 20 MHz | M16: 80/20 | T16: Imix | U16: 20 MHz | V16: 80/20
B17: 64 | C17: 20 MHz | D17: 80/20 | K17: 64 | L17: 20 MHz | M17: 80/20 | T17: 64 | U17: 20 MHz | V17: 80/20
B18: 128 | C18: 20 MHz | D18: 80/20 | K18: 128 | L18: 20 MHz | M18: 80/20 | T18: 128 | U18: 20 MHz | V18: 80/20
B19: 256 | C19: 20 MHz | D19: 80/20 | K19: 256 | L19: 20 MHz | M19: 80/20 | T19: 256 | U19: 20 MHz | V19: 80/20
B20: 512 | C20: 20 MHz | D20: 80/20 | K20: 512 | L20: 20 MHz | M20: 80/20 | T20: 512 | U20: 20 MHz | V20: 80/20
B21: 1024 | C21: 20 MHz | D21: 80/20 | K21: 1024 | L21: 20 MHz | M21: 80/20 | T21: 1024 | U21: 20 MHz | V21: 80/20
B22: 1280 | C22: 20 MHz | D22: 80/20 | K22: 1280 | L22: 20 MHz | M22: 80/20 | T22: 1280 | U22: 20 MHz | V22: 80/20
B23: 1518 | C23: 20 MHz | D23: 80/20 | K23: 1518 | L23: 20 MHz | M23: 80/20 | T23: 1518 | U23: 20 MHz | V23: 80/20
B25: 80 MHz | Ratio 80-20 | K25: 80 MHz | Ratio 75-25 | T25: 80 MHz | Ratio Auto
B26: Frame Size | C26: Channel BW | D26: Tx/Rx ratio | E26: Throughput (Mbps) | G26: Latency (ms) | H26: Jitter (ms) | K26: Frame Size | L26: Channel BW | M26: Tx/Rx ratio | N26: Throughput (Mbps) | P26: Latency (ms) | Q26: Jitter (ms) | T26: Frame Size | U26: Channel BW | V26: Tx/Rx ratio | W26: Throughput (Mbps) | Y26: Latency (ms) | Z26: Jitter (ms)
E27: UL | F27: DL | H27: UL | I27: DL | N27: UL | O27: DL | Q27: UL | R27: DL | W27: UL | X27: DL | Z27: UL | AA27: DL
B28: Imix | C28: 20 MHz | D28: 80/20 | K28: Imix | L28: 20 MHz | M28: 80/20 | T28: Imix | U28: 20 MHz | V28: 80/20
B29: 64 | C29: 20 MHz | D29: 80/20 | K29: 64 | L29: 20 MHz | M29: 80/20 | T29: 64 | U29: 20 MHz | V29: 80/20
B30: 128 | C30: 20 MHz | D30: 80/20 | K30: 128 | L30: 20 MHz | M30: 80/20 | T30: 128 | U30: 20 MHz | V30: 80/20
B31: 256 | C31: 20 MHz | D31: 80/20 | K31: 256 | L31: 20 MHz | M31: 80/20 | T31: 256 | U31: 20 MHz | V31: 80/20
B32: 512 | C32: 20 MHz | D32: 80/20 | K32: 512 | L32: 20 MHz | M32: 80/20 | T32: 512 | U32: 20 MHz | V32: 80/20
B33: 1024 | C33: 20 MHz | D33: 80/20 | K33: 1024 | L33: 20 MHz | M33: 80/20 | T33: 1024 | U33: 20 MHz | V33: 80/20
B34: 1280 | C34: 20 MHz | D34: 80/20 | K34: 1280 | L34: 20 MHz | M34: 80/20 | T34: 1280 | U34: 20 MHz | V34: 80/20
B35: 1518 | C35: 20 MHz | D35: 80/20 | K35: 1518 | L35: 20 MHz | M35: 80/20 | T35: 1518 | U35: 20 MHz | V35: 80/20
B37: 160 MHz | Ratio 80-20 | K37: 160 MHz | Ratio 75-25 | T37: 160 MHz | Ratio Auto
B38: Frame Size | C38: Channel BW | D38: Tx/Rx ratio | E38: Throughput (Mbps) | G38: Latency (ms) | H38: Jitter (ms) | K38: Frame Size | L38: Channel BW | M38: Tx/Rx ratio | N38: Throughput (Mbps) | P38: Latency (ms) | Q38: Jitter (ms) | T38: Frame Size | U38: Channel BW | V38: Tx/Rx ratio | W38: Throughput (Mbps) | Y38: Latency (ms) | Z38: Jitter (ms)
E39: UL | F39: DL | H39: UL | I39: DL | N39: UL | O39: DL | Q39: UL | R39: DL | W39: UL | X39: DL | Z39: UL | AA39: DL
B40: Imix | C40: 20 MHz | D40: 80/20 | K40: Imix | L40: 20 MHz | M40: 80/20 | T40: Imix | U40: 20 MHz | V40: 80/20
B41: 64 | C41: 20 MHz | D41: 80/20 | K41: 64 | L41: 20 MHz | M41: 80/20 | T41: 64 | U41: 20 MHz | V41: 80/20
B42: 128 | C42: 20 MHz | D42: 80/20 | K42: 128 | L42: 20 MHz | M42: 80/20 | T42: 128 | U42: 20 MHz | V42: 80/20
B43: 256 | C43: 20 MHz | D43: 80/20 | K43: 256 | L43: 20 MHz | M43: 80/20 | T43: 256 | U43: 20 MHz | V43: 80/20
B44: 512 | C44: 20 MHz | D44: 80/20 | K44: 512 | L44: 20 MHz | M44: 80/20 | T44: 512 | U44: 20 MHz | V44: 80/20
B45: 1024 | C45: 20 MHz | D45: 80/20 | K45: 1024 | L45: 20 MHz | M45: 80/20 | T45: 1024 | U45: 20 MHz | V45: 80/20
B46: 1280 | C46: 20 MHz | D46: 80/20 | K46: 1280 | L46: 20 MHz | M46: 80/20 | T46: 1280 | U46: 20 MHz | V46: 80/20
B47: 1518 | C47: 20 MHz | D47: 80/20 | K47: 1518 | L47: 20 MHz | M47: 80/20 | T47: 1518 | U47: 20 MHz | V47: 80/20
B49: 20 MHz | Ratio 50-50
B50: Frame Size | C50: Channel BW | D50: Tx/Rx ratio | E50: Throughput (Mbps) | G50: Latency (ms) | H50: Jitter (ms)
E51: UL | F51: DL | H51: UL | I51: DL
B52: Imix | C52: 20 MHz | D52: 80/20
B53: 64 | C53: 20 MHz | D53: 80/20
B54: 128 | C54: 20 MHz | D54: 80/20
B55: 256 | C55: 20 MHz | D55: 80/20
B56: 512 | C56: 20 MHz | D56: 80/20
B57: 1024 | C57: 20 MHz | D57: 80/20
B58: 1280 | C58: 20 MHz | D58: 80/20
B59: 1518 | C59: 20 MHz | D59: 80/20
B61: 40 MHz | Ratio 50-50
B62: Frame Size | C62: Channel BW | D62: Tx/Rx ratio | E62: Throughput (Mbps) | G62: Latency (ms) | H62: Jitter (ms)
E63: UL | F63: DL | H63: UL | I63: DL
B64: Imix | C64: 20 MHz | D64: 80/20
B65: 64 | C65: 20 MHz | D65: 80/20
B66: 128 | C66: 20 MHz | D66: 80/20
B67: 256 | C67: 20 MHz | D67: 80/20
B68: 512 | C68: 20 MHz | D68: 80/20
B69: 1024 | C69: 20 MHz | D69: 80/20
B70: 1280 | C70: 20 MHz | D70: 80/20
B71: 1518 | C71: 20 MHz | D71: 80/20
B73: 80 MHz | Ratio 50-50
B74: Frame Size | C74: Channel BW | D74: Tx/Rx ratio | E74: Throughput (Mbps) | G74: Latency (ms) | H74: Jitter (ms)
E75: UL | F75: DL | H75: UL | I75: DL
B76: Imix | C76: 20 MHz | D76: 80/20
B77: 64 | C77: 20 MHz | D77: 80/20
B78: 128 | C78: 20 MHz | D78: 80/20
B79: 256 | C79: 20 MHz | D79: 80/20
B80: 512 | C80: 20 MHz | D80: 80/20
B81: 1024 | C81: 20 MHz | D81: 80/20
B82: 1280 | C82: 20 MHz | D82: 80/20
B83: 1518 | C83: 20 MHz | D83: 80/20
B85: 160 MHz | Ratio 50-50
B86: Frame Size | C86: Channel BW | D86: Tx/Rx ratio | E86: Throughput (Mbps) | G86: Latency (ms) | H86: Jitter (ms)
E87: UL | F87: DL | H87: UL | I87: DL
B88: Imix | C88: 20 MHz | D88: 80/20
B89: 64 | C89: 20 MHz | D89: 80/20
B90: 128 | C90: 20 MHz | D90: 80/20
B91: 256 | C91: 20 MHz | D91: 80/20
B92: 512 | C92: 20 MHz | D92: 80/20
B93: 1024 | C93: 20 MHz | D93: 80/20
B94: 1280 | C94: 20 MHz | D94: 80/20
B95: 1518 | C95: 20 MHz | D95: 80/20

Sheet Sanity
A1: S.No. | B1: TRACEABILITY-ID | C1: TESTCASE-ID | D1: TEST SETUP | E1: SECTION | F1: TEST DESCRIPTION | G1: TEST STEPS | H1: EXPECTED RESULT | I1: TEST RUN DUT | J1: TEST TYPE | K1: RESULT | L1: DEFECT ID | M1: COMMENTS
A2: 1 | C2: SANITY_01 | E2: PoE Verification | F2: Power the board with PoE | G2: For BTS: Connect DC terminal Block to DC socket of BTS A60 device. For CPE: Connect IDU's POE+Data cable to any port of CPE A61. CPE should get powered ON | H2: Device power ON LED indication should show Green light | I2: BTS & CPE | J2: Physical Verification | K2: Pass
A3: 2 | C3: SANITY_02 | E3: Firmware upgrade | F3: Upgrade the Image with Keep Settings | G3: 1)Login to GUI in BTS side 2)Click on Management --> Upgrade/reset --> http/https 3)In Upgrade Firmware click on choose file and select the image and then click on upgrade button 4)Click on proceed to Flash the image (Repeat the same steps for CPE side) | H3: Image will change But the settings will remain the same. | I3: BTS & CPE | J3: Functional | K3: Pass
A4: 3 | C4: SANITY_03 | E4: Firmware upgrade | F4: Flash the Image without Keep Settings | G4: 1)Login to GUI in BTS side 2)Click on Management --> Upgrade/reset --> http/https 3)Uncheck the keep settings box 4)In Upgrade Firmware click on choose file and select the image and then click on upgrade button 5)Click on proceed to Flash the image (Repeat the same steps for CPE side) | H4: Image will change and settings will be Default. | I4: BTS & CPE | J4: Functional | K4: Pass
A5: 4 | C5: SANITY_04 | E5: Firmware upgrade | F5: Corrupt Image Upgrade | G5: Attempt upgrade with corrupt image | H5: Upgrade fails; device retains current image | I5: BTS & CPE | J5: Negative | K5: Pass
A6: 5 | C6: SANITY_05 | E6: Firmware upgrade | F6: Abort upgrade handling | G6: 1. Start upgrade 2. Abort midway | H6: Partial image cleaned; system stable | I6: BTS & CPE | J6: Negative | K6: Pass
A7: 6 | C7: SANITY_06 | E7: Firmware upgrade | F7: Power loss during upgrade | G7: Interrupt power during install | H7: System should recovers; no corruption | I7: BTS & CPE | J7: Negative | K7: Pass
A8: 7 | C8: SANITY_07 | E8: Login | F8: Device GUI Login Validation | G8: For GUI login 1)Open any Browser and enter the ip address of BTS(ex- https://192.168.2.1) 2)Then Login with the id and Password (repeat the same steps for CPE ) | H8: Should be able access device GUI defualt IP, username password. | I8: BTS & CPE | J8: Functional | K8: Pass
A9: 8 | C9: SANITY_08 | E9: Login | F9: Fallback IP Working Status Validation | G9: 1. Reboot the device 2. When device power up, login the device with IP address 10.0.0.1/24 3. Ping the IP address and check whether it is pinging | H9: Device should be login with default/configured fallback IP address. | I9: BTS & CPE | J9: Functional | K9: Pass
A10: 9 | C10: SANITY_09 | E10: Dual Bank SW Partition | F10: To Check the configuration after commit firmware in backup partition | G10: 1)Click on Wireless--> Radio and enable DCS & click on save 3)Config Tx power, Manual Frequency, Channel width and save 4)Enable ATPC and save the config 3)Click on Management --> Upgrade/Reset and click on Frimware Upgrade 4)In Commit Firmware click on Perform commit 5)Go to Backhaul Radio and check the changes (The changes you have done in Active Bank will be copied in Backup Bank) | H10: Active image Should be copied in Backup image. | I10: BTS & CPE | J10: Functional | K10: Not Available
A11: 10 | C11: SANITY_10 | E11: LED Verification | F11: Verify LED during device boot | G11: Power ON the BTS from OFF state (Perform and validate at both BTS and CPE) | H11: 1.GREEN LED blinks at 0.5 ms interval 2.BLUE LED remains OFF | I11: BTS & CPE | J11: Physical Verification | K11: Pass
A12: 11 | C12: SANITY_11 | E12: LED Verification | F12: Verify GREEN LED after boot completion | G12: Allow device to complete boot sequence (Perform and validate at both BTS and CPE) | H12: 1. GREEN LED turns solid ON 2. BLUE LED remains OFF | I12: BTS & CPE | J12: Physical Verification | K12: Fail | M12: Blue LED is keep on Blinking as soon as boot sequence completed
A13: 12 | C13: SANITY_12 | E13: LED Verification | F13: Verify GREEN LED during link provisioning | G13: Initiate link provisioning process by connecting mobile application/laptop to 2.4 GHz interface (Perform and validate at both BTS and CPE) | H13: 1.GREEN LED remains solid ON 2.BLUE LED blinks at 0.5 ms interval | I13: BTS & CPE | J13: Physical Verification | K13: Not Available
A14: 13 | C14: SANITY_13 | E14: LED Verification | F14: Verify GREEN LED when link is established | G14: Complete link provisioning Successfully by adding correct SSID and password of BTS to connect to (Perform and validate at both BTS and CPE) | H14: 1.GREEN LED remains solid ON | I14: BTS & CPE | J14: Physical Verification | K14: Pass
A15: 14 | C15: SANITY_14 | E15: LED Verification | F15: Verify GREEN LED when link goes down | G15: BTS Case: Bring down established link (BTS to MUX cable) CPE Case: Bring down established RF link (Perform and validate at both BTS and CPE) | H15: 1. GREEN LED remains solid ON 2. BLUE LED turns OFF | I15: BTS & CPE | J15: Physical Verification | K15: Fail | M15: If any link goes down the blue LED is keep on blinking
A16: 15 | C16: SANITY_15 | E16: LED Verification | F16: Verify GREEN LED during firmware upgrade | G16: Trigger firmware upgrade from GUI/NMS/Application. Try all 3 firmware upgrade uption and validate the LED (Perform and validate at both BTS and CPE) | H16: 1.GREEN LED blinks continuously 2.BLUE LED blinks continuously | I16: BTS & CPE | J16: Physical Verification | K16: Pass
A17: 16 | C17: SANITY_16 | E17: LED Verification | F17: Verify GREEN LED during factory reset | G17: Trigger factory reset (HW/GUI) (Perform and validate at both BTS and CPE) | H17: 1.GREEN LED blinks at 0.25 ms interval 2.BLUE LED blinks at 0.25 ms interval | I17: BTS & CPE | J17: Physical Verification | K17: Pass
A18: 17 | C18: SANITY_17 | E18: System config | F18: BTS ID & Site ID | G18: Configure and check whether these are applying | H18: Should be configure and apply | I18: BTS & CPE | J18: Configuration | K18: Pass
A19: 18 | C19: SANITY_18 | E19: System config | F19: Time Zone | G19: Configure timezone under System--> General and check whether these are applying | H19: Time should be changed as per Timezone | I19: BTS & CPE | J19: Configuration | K19: Pass
A20: 19 | C20: SANITY_19 | E20: Network Configuration | F20: Configure Static IPv4 | G20: 1)Login with IPv4 address in Browser 2)Select Network --> IP Configuration 3)In Address type select Static and then Config IPv4 and save 4)Page will reload again with the change IP. | H20: For GUI Should be able to access device GUI with changed IPv4 | I20: BTS & CPE | J20: Functional | K20: Pass
A21: 20 | C21: SANITY_20 | E21: Network Configuration | F21: Configure Static IPv6 | G21: 1)Login with IPv6 address in Browser 2)Select Network --> IP Configuration 3)In Address type select Static and then Config IPv6 and save 4)Page will reload again with the change IP. | H21: For GUI Should be able to access device GUI with changed IPv6 | I21: BTS & CPE | J21: Functional | K21: Pass
A22: 21 | C22: SANITY_21 | E22: Network Configuration | F22: Configure DHCP IPv4 | G22: 1)Login GUI in Browser. 2)Select Network --> IP Configuration 3)In Address type select DHCPv4 and save 4)Repeat above step for CPE side also. 5)Connect Internet/DHCP network LAN cable to DATA IN socket in BTS side PoE (NOTE:-- Use Wireshark to capture Packet and check for IP assigned from DHCP server) | H22: We should be able to login GUI with the IP which will get from DHCP server. | I22: BTS & CPE | J22: Functional | K22: Pass
A23: 22 | C23: SANITY_22 | E23: Network Configuration | F23: Configure DHCP IPv6 | G23: 1)Login GUI in Browser. 2)Select Network --> IP Configuration 3)In Address type select DHCPv6 and save 4)Repeat above step for CPE side also. 5)Connect Internet/DHCP network LAN cable to DATA IN socket in BTS side PoE (NOTE:-- Use WIRE SHARK to capture Packet and check for IP assigned from DHCP server) | H23: We should be able to login GUI with the IP which we will get from DHCP server. | I23: BTS & CPE | J23: Functional | K23: Pass
A24: 23 | C24: SANITY_23 | E24: Network Configuration | F24: Configure Management VLAN | G24: 1)Login BTS/CPE with IPv4 address in Browser 2)Select Network--> VLAN and then click on Radio 3)In VLAN settings, enable the vlan. 4)Config Management VLAN ID and save. | H24: After configuring MVLAN, user should able to access device management (GUI) by tagging same VLAN on connected switch or Laptop | I24: BTS & CPE | J24: Functional | K24: Pass
A25: 24 | C25: SANITY_24 | E25: Network Configuration | F25: Configure Data VLAN | G25: 1)Login CPE with IPv4 address in Browser 2)Select Network --> VLAN and than click on Mode 3)Select from Transparent, Trunk, QinQ. 4)Config VLAN ID and save. | H25: Traffic should be run with same vlan ID. | I25: BTS | J25: Functional | K25: Pass
A26: 25 | C26: SANITY_25 | E26: Network Configuration | F26: Dual Stack | G26: 1)Login GUI in Browser. 2)Select Network --> IP Configuration. 3)Enable both IPv4 and IPv6 at same time. 4)Repeat above step for CPE side also. | H26: We should be able to access the device with both IPv4 & IPv6 | I26: BTS & CPE | J26: Functional | K26: Pass
A27: 26 | C27: SANITY_26 | E27: Jumbo Frame | F27: Jumbo Frame | G27: 1)Login GUI in Browser. 2)Select Network --> Ethernet --> LAN 3)Configure the MTU Size 9000 and save. 4)Repeat above step for CPE side also. | H27: We should be able to login GUI with the IP. And traffic with 9000 bytes should pass. | I27: BTS & CPE | J27: Functional | K27: Pass
... A46: 45 | C46: SANITY_45 | E46: Spectrum Report | F46: Spectrum Report | G46: 1. Login with GUI 2. Select Monitoring --> Tools --> Spectrum Analyser 3. Configure Start and End Freq Range and Click Start to Run Spectrum Analyser | H46: Should have display all the information of channel, noise level, Uilization, Interference etc.. | I46: BTS & CPE | J46: Functional | K46: Pass
A47: 46 | C47: SANITY_46 | E47: ATPC | F47: Configure ATPC | G47: 1. Login with CPE GUI (in P2MP ATPC works at CPE only) 2. Select Wireless --> Radio --> DDRS/ATPC 3. Enable ATPC and save and apply. | H47: Link RSSI should be retain ATPC. And Tx power set by ATPC can be viewed at Monitor --> Radio Statistics --> Link and click on that perticular CPE. Details config of specific CPE will be visible. | I47: CPE | J47: Functional | K47: Pass | M47: ATPC Configuration is Available in Both BTS & CPE
A48: 47 | C48: SANITY_47 | E48: QoS | F48: Config QoS | G48: 1. Login with GUI 2. Select Wireless --> QoS. 3. Configure PIR and SFC as per Airtel QoS Template and check | H48: Able to config policy & priorities. | I48: BTS & CPE | J48: Functional | K48: Pass | M48: Referer to QoS Report
A49: 48 | C49: SANITY_48 | E49: Wireless Link | F49: Able to Associate BTS/CPE as per configuration | G49: 1)By Default Link come up with Unique SSID and Password generated by 3 Algo. 2)Configure BTS SSID and Password into CPE using Mobile App/API. 2)Check whether Monitor --> Radio Statistics --> Link formed or not, and IP aasigned to CPE by BTS DHCP Server pool | H49: BTS and CPE should be able to Associate with each other. After association check whether Both sides showing accurate RF Link parameters | I49: BTS & CPE | J49: Validation | K49: Pass
A50: 49 | C50: SANITY_49 | E50: Wireless Link | F50: Able to Ping BTS to CPE and Vice Versa | G50: Use ping command from BTS to CPE device and from CPE to BTS device. | H50: In both case BTS and CPE should be able to ping each other. | I50: BTS & CPE | J50: Validation | K50: Pass
A51: 50 | C51: SANITY_50 | E51: RF Link Statistics | F51: System Name | G51: 1)Login to BTS GUI 2)Go to Monitor --> Radio Statistics --> Link and check all the associated CPE's System Name (Repeat above steps for CPE Device) | H51: All Connected CPEs System name should show in list. At CPE end, BTS System should show in the link list | I51: BTS & CPE | J51: Validation | K51: Pass
A52: 51 | C52: SANITY_51 | E52: RF Link Statistics | F52: IP address | G52: 1)Go to Monitor --> Radio Statistics --> Link and check all the associated CPE's IP address 2)Login any CPE with IPv4 or IPv6 address in Browser 3)Select Network --> IP address and then click on edit. 4)In General setup select Static address in Protocol and then click on Switch Protocal 5)Config IPv4 or IPv6 and save 6)Page will reload again with the change IP. (Check in Monitor --> Radio Statistics --> Link and check all the associated CPE's, perticular CPE IP should be updated) | H52: IP address should show changed IP Monitor --> Radio Statistics --> Link. | I52: BTS & CPE | J52: Validation | K52: Pass
A53: 52 | C53: SANITY_52 | E53: RF Link Statistics | F53: Uptime (Link Uptime) | G53: 1)Go to Monitor --> Radio Statistics --> Link and check all the associated CPE's uptime 2)Login any CPE and and break the link by misalign or do soft reboot 3)Once link come up after reboot 4)Check in Monitor --> Radio Statistics --> Link and check all the associated CPE's, perticular CPE Link uptime should be updated. | H53: CPE Link uptime should be updated upon due to any reason link got disconnected from it peer. Format: (dd:hh:mm:ss) | I53: BTS & CPE | J53: Validation | K53: Pass
A54: 53 | C54: SANITY_53 | E54: RF Link Statistics | F54: Combined RSSI (DL UL) | G54: 1)Login to GUI 2)Go to Monitor --> Radio Statistics and check if combined RSSI is updating properly from the backend if we align and misalign or add attenuation (if conducted setup) | H54: Upon changing the alignment or attaenuation RSSI should vary. | I54: BTS & CPE | J54: Validation | K54: Pass
A55: 54 | C55: SANITY_54 | E55: RF Link Statistics | F55: Rate MCS (DL UL) | G55: 1)Login to GUI 2)Go to Monitoring --> Radio Statistics --> Link Overview and check if the Tx rate is updating properly based on the Configured MCS and Channel width | H55: In GUI mode 160MHz - bit rate 1201 80MHz - bit rate 1201 40MHz - bit rate 573 20MHz - bit rate 286 It should show the same value in RF Link Statistics | I55: BTS & CPE | J55: Validation | K55: Pass
A56: 55 | C56: SANITY_55 | E56: RF Link Statistics | F56: MCS (DL UL) | G56: Case 1 1)Login with GUI. 2)Select Wireless --> Radio --> DDRS/ATPC 3)In Advanced setting select Max MCS 9 in MCS Auto Range and save. Check Link Table. Case 2 1)Login with GUI. 2)Select Wireless --> Radio --> DDRS/ATPC 3)In Advanced setting select Max MSC 11 in MCS Auto Range and save. Check Link Table. | H56: It should show the MSC between 0 - 7/11 in Link table | I56: BTS & CPE | J56: Validation | K56: Pass
A57: 56 | C57: SANITY_56 | E57: RF Link Statistics | F57: Throughput (OUT, IN) | G57: Case 1 1)Login with GUI. 2)Check Monitor--> Radio Statistics -->Link table when there is no Traffic on Link 3) Push traffic of 40 DL and 10 UL 4) Check traffic on Link Table 5) Push traffic of 40 DL and 10 UL on 16 CPE's 6) Check traffic on Link table | H57: Through IN and Out should increase as we start pushing traffic on Link. In ideal case it should be zero or very small (equivalent to zero) | I57: BTS & CPE | J57: Validation | K57: Pass
A58: 57 | C58: SANITY_57 | E58: RF Link Statistics | F58: Tx Power | G58: 1)Login with GUI. 2)Select Wireless --> Radio --> ATPC/DDRS 3)Select Any specific value from (3 - 30) in Tx Power and save. 4) Check Monitor--> Radio Statistics -->Link table--> Detailed Link Statistics | H58: It should show specific value in Tx power textbox and detailed statistics | I58: BTS & CPE | J58: Validation | K58: Pass
A59: 58 | C59: SANITY_58 | E59: RF Link Statistics | F59: RSSI (Per chain) (DL, UL) | G59: 1)Login to GUI 2)Go to Monitor --> Radio Statistics --> Link select any perticular CPE and click on that to see detailed statistics and check if per chain RSSI UL, DL is updating properly from the backend if we align and misalign or add attenuation in perticular chain (if conducted setup) | H59: Upon changing the Alignment/Attenuation RSSI should vary. | I59: BTS & CPE | J59: Validation | K59: Pass
A60: 59 | C60: SANITY_59 | E60: RF Link Statistics | F60: SNR | G60: 1)Login to GUI 2)Go to Monitor --> Radio Statistics --> Link select any perticular CPE and click on that to see detailed statistics and check if combined RSSI is updating properly from the backend if we add interference in perticular chain (if conducted setup) | H60: Upon changing the Noise/Interference SNR should vary. | I60: BTS & CPE | J60: Validation | K60: Pass
... A79: 78 | C79: SANITY_78 | E79: Backup and Restore | F79: Backup and Restore | G79: 1)Login to GUI 2)Click on Management --> Upgrade/Reset --> http/https 3)Click on Backup to down config backup file of that individual device 4)Choose the Restore backup file and click on Upload backup. | H79: all the configuration should be updated as per backup file | I79: BTS & CPE | J79: Functional | K79: Pass
A80: 79 | C80: SANITY_79 | E80: Graph | F80: Throughput | G80: 1)Login to GUI 2)Go to Moniter--> Radio Statistics --> Link 3)Click any perticular CPE to see Throughput of that CPE 4)Click on the graphical view on bottom to view in graphical format | H80: Values in the Graphic should be equal to Summary statistics numbers. | I80: BTS & CPE | J80: Validation | K80: Pass | M80: But not fully applied the variations can be seen
A81: 80 | C81: SANITY_80 | E81: Graph | F81: RTT (ms) | G81: 1)Login to GUI 2)Go to Moniter--> Radio Statistics --> Link 3)Click any perticular CPE to see RTT (ms) of that CPE 4)Click on the graphical view on bottom to view in graphical format | H81: Values in the Graphic should be equal to Summary statistics numbers. | I81: BTS & CPE | J81: Validation | K81: Pass | M81: But not fully applied the variations can be seen
A82: 81 | C82: SANITY_81 | E82: LLDP | F82: Verify LLDP global enable/disable | G82: 1. Enable LLDP 2. Capture packets 3. Disable LLDP 4. Capture again | H82: Packets seen only when enabled | I82: BTS & CPE | J82: Validation | K82: Pass
A83: 82 | C83: SANITY_82 | E83: LLDP | F83: Verify LLDP neighbour detection | G83: 1. Connect devices 2. Check neighbour table | I83: BTS & CPE | J83: Validation | K83: Pass
A84: 83 | C84: SANITY_83 | E84: LLDP | F84: Verify all parameters in Discovery table | G84: 1. Select Monitor --> Tools --> LLDP 2. Check the LLDP discovery table entries for new/old are updating | H84: It should show MAC Address, System Name, IP Address, System Description | I84: BTS & CPE | J84: Validation | K84: Pass
A85: 84 | C85: SANITY_84 | E85: Diagnostics tool | F85: Throughput Estimation | G85: 1. Login by GUI. 2. Go Monitor --> Radio Statistics -->Tool --> Link Test Tool 3. Click on any perticular CPE on that we want to Run Troughput Estimation tool. 4. Select BW, Time, Uni/Bi-Directional, Packet Size and Run Throughput test | H85: Tool should be run for config interval and obtained throughput Result should be as per current Data Rate/MCS. | I85: BTS & CPE | J85: Functional | K85: Pass
A86: 85 | C86: SANITY_85 | E86: Diagnostics tool | F86: Audit Logs | G86: 1. Login by GUI. 2. Go to Monitor --> System Logs --> Config Logs | H86: Logs should be generated for all config change. | I86: BTS & CPE | J86: Functional | K86: Pass
A87: 86 | C87: SANITY_86 | E87: Diagnostics tool | F87: Arp/Bridge table | G87: 1. Login by GUI. 2. Go to Monitor --> Learn table --> Apr/Bridge table | H87: All MAC entries should be catured in Bridge/arp table | I87: BTS & CPE | J87: Functional | K87: Pass
A88: 87 | C88: SANITY_87 | E88: Dying Gasp | F88: Dying gasp functionality over PoE/ power adaptor removal in CPE (CPE- TC- SW-38) | G88: 1. Power off the CPE device by removing the PoE adapter. 2. Alarm should sent to NMS via BTS through WebSocket Interface 3. Verify if the alarm/trap is sent to NMS. | H88: The alarm/trap should be sent to the NMS indicating that power failure occured in CPE device. | I88: CPE | J88: Functional | K88: Not Available
A89: 88 | C89: SANITY_88 | E89: Dying Gasp | F89: Dying gasp functionality over random power failure | G89: 1. Verify if the alarm/trap is sent to NMS during a random power failures. | H89: The alarm should be generated during random power failures. | I89: CPE | J89: Negative | K89: Not Available
A90: 89 | C90: SANITY_89 | E90: Dying Gasp | F90: Soft Reboot the CPE device and verify the Dying Gasp | G90: 1. Soft reboot the CPE device. 3. Verify if the alarm/trap is generated to not | H90: The dying gasp alarm should not generated. Only device sofy reboot alarm will be generted as uCPEal with user and time details | I90: CPE | J90: Functional | K90: Not Available
A91: 90 | C91: SANITY_90 | E91: Dying Gasp | F91: Dying gasp functionality (BTS- AT- SW-21) | G91: 1. Power off the BTS device as mentioned by above three test cases. 2. Verify if the behaviour is same for BTS device. | H91: The behaviour should be same for BTS device too. Only soft reboot case dyung gasp should not generated. | I91: BTS | J91: Functional | K91: Pass
A92: 91 | C92: SANITY_91 | E92: Multiple Reboot | F92: Soft Reboot | G92: 1)Login to GUI 2)Do 25 times soft reboot. 3)Check the system configuration, performance and Management 4) Repreat in both BTS and CPE | H92: There should be No managemenr loss, No other config remove and No impact on performance | I92: BTS & CPE | J92: Validation | K92: Pass
A93: 92 | C93: SANITY_92 | E93: Multiple Reboot | F93: Hard Reboot (MCB ON/OFF) | G93: 1)Login to GUI 2)Do 25 times Hard Reboot (MCB ON/OFF) 3)Check the system configuration, performance and Management 4) Repreat in both BTS and CPE | H93: There should be No managemenr loss, No other config remove and No impact on performance | I93: BTS & CPE | J93: Validation | K93: Pass
A94: 93 | C94: SANITY_93 | E94: Multiple Reboot | F94: Hard Reboot (IDU to CPE Cable disconnect) | G94: 1)Login to GUI 2)Do 25 times Hard reboot. (IDU to CPE Cable disconnect) 3)Check the system configuration, performance and Management | H94: There should be No managemenr loss, No other config remove and No impact on performance | I94: CPE | J94: Validation | K94: Pass
A95: 94 | C95: SANITY_94 | E95: Multiple Reboot | F95: Hard Reboot (BTS DC power terminal block disconnect) | G95: 1)Login to GUI 2)Do 25 times Hard Reboot (BTS DC power terminal block disconnect) 3)Check the system configuration, performance and Management | H95: There should be No managemenr loss, No other config remove and No impact on performance | I95: BTS | J95: Validation | K95: Pass
... A103: 102 | C103: SANITY_102 | E103: Compass | F103: Validate behavior with failed calibration | G103: Interrupt calibration mid‑process, check orientation values | H103: Compass reports inconsistent values, NMS logs alert or warning | I103: BTS & CPE | J103: Negative | K103: Not Available
A104: 103 | C104: SANITY_103 | E104: Stability | F104: Verify continuous uptime | G104: Run device for 48 hrs under traffic load (10% less than the Max traffic in conducted setup) on 80 MHz | H104: No reboot/crash; uptime log shows uninterrupted service | I104: BTS & CPE | J104: Stability | K104: Pass | M104: 12 hrs stability
A105: 104 | C105: SANITY_104 | E105: Stability | F105: Validate latency threshold | G105: Generate Imix traffic for 48 hrs | H105: Avg latency ≤ 50 ms | I105: BTS & CPE | J105: Stability | K105: Pass | M105: 12 hrs stability
A106: 105 | C106: SANITY_105 | E106: Stability | F106: Validate packet drop threshold | G106: Stream traffic continuously | H106: Avg packet drop ≤ 0.5% | I106: BTS & CPE | J106: Stability | K106: Pass | M106: below 1%
A107: 106 | C107: SANITY_106 | E107: Stability | F107: Check throughput stability | G107: Run 20/40 MHz traffic profiles for 12 Hrs each (10% less than the Max traffic in conducted setup) | H107: No reboot/crash; uptime log shows uninterrupted service | I107: BTS & CPE | J107: Stability | K107: Pass
A108: 107 | C108: SANITY_107 | E108: Stability | F108: Monitor CPU/memory utilization | G108: Collect system stats every hour | H108: CPU ≤ 70%; memory ≤ 75%; no leaks | I108: BTS & CPE | J108: Stability | K108: Pass
A109: 108 | C109: SANITY_108 | E109: Stability | F109: Validate NMS monitoring | G109: Poll device via NMS for 48 hrs | H109: No missed Reporting Count/events; logs consistent | I109: BTS & CPE | J109: Stability | K109: Not Available
A110: 109 | C110: SANITY_109 | E110: Stability | F110: User experience validation | G110: Simulate VoIP/video sessions | H110: No jitter > 30 ms;video stream smooth | I110: BTS & CPE | J110: Stability | K110: Pass
A111: 110 | C111: SANITY_110 | E111: Stability | F111: Latency drift under stress | G111: Apply high traffic burst for 2 hrs | H111: Latency exceeds 150 ms; NMS logs performance degradation | I111: BTS & CPE | J111: Negative | K111: Not Available
A112: 111 | C112: SANITY_111 | E112: Installer Login | F112: Dashboard Page | G112: Login with installer login, It will lands to Dashboard Page | H112: with installer login, Dashboard should have all the details visible as it is with root user. i.e Summary, Network, Performance, Wireless. | I112: BTS & CPE | J112: Login Varification | K112: Pass
A113: 112 | C113: SANITY_112 | E113: Installer Login | F113: Quick Start | G113: 1. Login device with installer user, 2. Only Quick start Menu will be there with limited configuration. 3. For BTS, Check below configurable parameters are in place (a) Cascaded BTS (b) Static IPv4 and IPv6 cconfiguration (c) MVLAN (d) QinQ: Inner and Outer VLAN ID, Ethertype, VLAN Priority (e) NMS 1 and NMS 2 IP Address 4. For CPE, No Configurable option under Installer, Everything Automatically. | H113: All the parameters should be there in place and able to configure and save apply the pamaneters | I113: BTS & CPE | J113: Login Varification | K113: Pass
A114: 113 | C114: SANITY_113 | E114: Installer Login | F114: Link Statistics | G114: 1. Login the Device and make the Link, 2. Navigate to Link Statistics page and check all the default parameters along with addition paramaters are showing correct values | H114: All the Link parameters are correctly showing in Link statistics page. | I114: BTS & CPE | J114: Login Varification | K114: Pass
A115: 114 | C115: SANITY_114 | E115: Installer Login | F115: Site Survey | G115: 1. Login the Device and make the Link, 2. Validate Site survey is automatically running or needs to run Manually. 3. Check the accuracy of Site Survey results | H115: All the data should be accurate as per nearby devices. | I115: BTS & CPE | J115: Login Varification | K115: Pass
A116: 115 | C116: SANITY_115 | E116: Installer Login | F116: Reboot | G116: 1. Login the Device and make the Link, 2. Click on reboot button to soft reboot device | H116: Upon Click on Soft reboot button on top panel GUI, Device should initiate reboot. | I116: BTS & CPE | J116: Login Varification | K116: Pass

Sheet Tx Power Measurement
A1: S.No | B1: Freq | C1: Tx Power set in GUI | D1: Tx Power at power meter | E1: Test Run DUT
A2: 1 | B2: 5140
A3: 2 | B3: 5220
A4: 3 | B4: 5450
A5: 4 | B5: 5480
A6: 5 | B6: 5675
A7: 6 | B7: 5695
A8: 7 | B8: 5835
A9: 8 | B9: 5845
A10: 9 | B10: 5875
A11: 10 | B11: 5900
A12: 11 | B12: 5950
A13: 12 | B13: 6000
... A19: 18 | B19: 6425

Sheet GUI
A1: S.No | B1: TRACEABILITY-ID | C1: TESTCASE-ID | D1: TEST SETUP | E1: SECTION | F1: TEST DESCRIPTION | G1: TEST STEPS | H1: EXPECTED RESULT | I1: TEST RUN DUT | J1: TEST TYPE | K1: RESULT | L1: DEFECT ID | M1: COMMENTS
A2: 1 | C2: GUI_01 | E2: Summary-System | F2: Model Hardware Version Bootloader Version Local Time Temperature GPS Elevation CPU / Memory | G2: 1.Verify this parameter value in the back end using linux cmd. 2.Verify the Proper value is updated in the Summary page | H2: Value should update in Summary page as same as available in the backend. | I2: BTS & CPE | J2: Validation | K2: Pass
A3: 2 | C3: GUI_02 | E3: Summary-Network | F3: IP Address Gateway MAC Address (LAN 1, LAN 2) Speed / Duplex (LAN 1, LAN 2) Cable Length (LAN 1, LAN 2) | G3: 1.Verify this parameter value in the back end using linux cmd . 2.Verify the Proper value is updated in the Summary page | H3: Value should update in overview page as same as available in the backend. | I3: BTS & CPE | J3: Validation | K3: Pass
A4: 3 | C4: GUI_03 | E4: Summary-Performance | F4: Tx/ Rx rate for: Radio LAN 1 LAN 2 | G4: 1.Verify this parameter value in the back end using linux cmd . 2.Verify the Proper value is updated in the Summary page | H4: Value should update in overview page as same as available in the backend. | I4: BTS & CPE | J4: Validation | K4: Pass
A5: 4 | C5: GUI_04 | E5: Summary-Wireless | F5: Radio Status MAC Address Link Type Radio Mode Bandwidth SSID Configured Channel Active Channel Security RTX Percentage Remote Partners | G5: 1.Verify this parameter value in the back end using linux cmd . 2.Verify the Proper value is updated in the overview page 3.verify by increaseing/decreasing the iperf traffic on the link and check respective interface Tx/Rx rate getting updated | H5: Value should update in overview page as same as available in the backend. | I5: BTS & CPE | J5: Validation | K5: Pass
A6: 5 | C6: GUI_05 | E6: GUI Top Panel - Logo | F6: Senao Logo on top left of GUI page | G6: 1. ck on the Senao logo. 2.Verify that it is hyperlinked with device management ip and should reload the same page of device management ip | H6: It should hyperlinked to the device management ip and upon cking GUI page should getting reloaded with IP. | I6: BTS & CPE | J6: Validation | K6: Pass
A7: 6 | C7: GUI_06 | E7: GUI Top Panel | F7: Model SW Version Sr No. Uptime | G7: 1.Verify this parameter value in the back end using linux cmd . 2.Verify the Proper value is updated in the overview page. | H7: Value should update in overview page as same as available in the backend. | I7: BTS & CPE | J7: Validation | K7: Pass
A8: 7 | C8: GUI_07 | E8: GUI Top Panel | F8: Radio 2.4 GHz | G8: 1. ck on the Radio and verify it is redicting to Radio Statatics 2. ck on the 2.4 GHz and verify it is redicting to 2.4GHz Statatatics | H8: User should able to ck Radio and 2.4 GHz. And Is should redirecting to Radio and 2.4 GHz statatics respectivily. | I8: BTS & CPE | J8: Validation | K8: Pass | M8: 2.4 GHz is not supported for A60
A9: 8 | C9: GUI_08 | E9: GUI Top Panel | F9: Home Button Apply Button | G9: 1. Navigate to any module other than Home. 2. ck on the Home button, page should be redirected to Home page. 3. Change any parameters of the device and ck on the apply button 4. Once applied check whrether required changes are applied in both GUI and | H9: After cking home or applying button, It should work and canges should applied as expected. | I9: BTS & CPE | J9: Validation | K9: Pass
A10: 9 | C10: GUI_09 | E10: GUI Top Panel | F10: Reboot | G10: Check if clicking the Reboot button, device is getting rebooted. And no configuration getting erased. | H10: Upon cking reboot buttom, device should initiated soft reboot and no configuration should be erased | I10: BTS & CPE | J10: Validation | K10: Pass
A11: 10 | C11: GUI_10 | E11: GUI Top Panel | F11: Logout | G11: Check upon cking the Logout button, User is getting Logged out properly or not ? | H11: Upon cking logout button user should logged out. | I11: BTS & CPE | J11: Validation | K11: Pass
A12: 11 | C12: GUI_11 | E12: Quick Start - System | F12: IP address type IPv4/v6 address Subnet/Prefix Length Gateway | G12: 1. Navigate to Quick Start Module --> System Tab. 2. Change values of these parameters and verify this parameter value in the back end using linux cmd . 3. Verify the Proper value is updated in the System page | H12: Upon changing the values of any parameters, it should be applied in GUI. | I12: BTS & CPE | J12: Configuration | K12: Pass
A13: 12 | C13: GUI_12 | E13: Quick Start - Location | F13: BTS/CPE ID Site ID Email Address Phone Number Distance Unit | G13: 1. Navigate to Quick Start Module --> Location tab 2. Change values of these parameters and verify this parameter value in the back end using linux cmd . 3. Verify the Proper value is updated in the Location page | H13: Upon changing the values of any parameters, it should be applied in GUI. Also make sure its meeting Remarks column crieteria | I13: BTS & CPE | J13: Configuration | K13: Pass
A14: 13 | C14: GUI_13 | E14: Quick Start - Radio | F14: Radio Mode -> Fixed Cascaded-->BTS SSID Bandwidth Enable 6GHz-->BTS Configured Channel Active Channel | G14: 1. Navigate to Quick Start Module --> Radio Tab 2. Change values of these parameters and verify this parameter value in the back end using linux cmd . 3. Verify the Proper value is updated in the Radio page | H14: Upon changing the values of any parameters, it should be applied in GUI. | I14: BTS & CPE | J14: Configuration | K14: Pass
A15: 14 | C15: GUI_14 | E15: Quick Start - 2.4 GHz Radio | F15: Radio Mode -> AP (Fixed) SSID Bandwidth Active Channel | G15: 1. Navigate to Quick Start Module --> 2.4 GHz Radio Tab 2. Change values of these parameters and verify this parameter value in the back end using linux cmd . 3. Verify the Proper value is updated in the 2.4GHz Radio page | H15: Upon changing the values of any parameters, it should be applied in GUI. | I15: BTS & CPE | J15: Configuration | K15: Pass | M15: 2.4 GHz is not supported for A60
A16: 15 | C16: GUI_15 | E16: Quick Start - Link Statistics | F16: Index System Name IP Address Uptime Distance Local SNR (dB) (Chain 1, Chain 2) Remote SNR (dB) (Chain 1, Chain 2) Mbps (MCS) (Tx, Rx) Throughput (Mbps) (Out, IN) | G16: 1. Navigate to Quick Start Module -->Link Statistics Tab 2. Change values of these parameters and verify this parameter value in the back end using linux cmd . 3. Verify the Proper value is updated in the 2.4GHz Radio page. | H16: All the parameters should show correct values along with units and should varies as per interference or other conditions varies. | I16: BTS & CPE | J16: Validation | K16: Pass
A17: 16 | C17: GUI_16 | E17: Quick Start - Site Survey | F17: Index SSID MAC Address Channel Frequency (MHz) RSSI (dBm) Utility Security Bandwidth (MHz) Type Join Wifi Analyser Graph | G17: 1. Navigate to Quick Start Module --> Site Survey Tab 2. Run the site Survey and verify RESULTs in the back end using linux cmd . 3. Verify the Proper value is updated in the 2.4GHz Radio page. 4. Also verify the values and numbers are showing are correct value. | H17: Site Survey should all the mentioned parameters format and it should be as per interference condition and availlable in proximity. | I17: BTS & CPE | J17: Functional | K17: Pass
A18: 17 | C18: GUI_17 | E18: Wireless - Radio -Properties | F18: Status (enable/disable) | G18: 1. Navigate to Wireless --> Radio --> Properties 2. Change Radio Status enable to disable and vice versa and verify this parameter value in the back end using linux cmd . 3. Verify the Proper value is updated in the GUI page. | H18: When disable Radio transmission should be disabled. When enabled it should start transmit. | I18: BTS & CPE | J18: Configuration | K18: Pass
A19: 18 | C19: GUI_18 | E19: Wireless - Radio -Properties | F19: SSID | G19: 1. Navigate to Wireless --> Radio --> Properties 2. Change Radio SSID and verify this parameter value in the back end using linux cmd . 3. Verify the Proper value is updated in the GUI page. | H19: Upon changing the SSID, it should be applied in GUI. And there should be no Link, till the time same SSID should be configured at Far end. | I19: BTS & CPE | J19: Configuration | K19: Pass
A20: 19 | C20: GUI_19 | E20: Wireless - Radio -Properties | F20: Bandwidth | G20: 1. Navigate to Wireless --> Radio --> Properties 2. Change Radio Channel BW from 20 to 40, 80 and vice versa and verify this parameter value in the back end using linux cmd . 3. Verify the Proper value is updated in the GUI page and MCS and Tx/Rx value are updating accordingly. | H20: Upon changing the Link type, it should be applied in GUI. | I20: BTS | J20: Configuration | K20: Pass
A21: 20 | C21: GUI_20 | E21: Wireless - Radio -Properties | F21: Configured Channel & Active Channel | G21: 1. Navigate to Wireless --> Radio --> Properties 2. Change randomely few channels (including edge channels) and verify configured and active channel in the back end using linux cmd . 3. Verify the Proper value is updated in the configured channel and Active channel. | H21: Upon chaning the channel, Active channel should be shown to same as the configured channel. | I21: BTS | J21: Configuration | K21: Pass
A22: 21 | C22: GUI_21 | E22: Wireless - Radio -Properties | F22: Encryption | G22: 1. Navigate to Wireless --> Radio --> Properties 2. Change encryption from AES-256 to None and vice versa and verify this parameter value in the back end using linux cmd . 3. Verify the Proper value is updated in the GUI page. | H22: AES-256 to None or vice versa after apply, it should be updated in GUI and backend. | I22: BTS & CPE | J22: Configuration | K22: Pass
A23: 22 | C23: GUI_22 | E23: Wireless - Radio -Properties | F23: Maximum CPEs | G23: 1. Navigate to Wireless --> Radio --> Properties 2. Configure Max CPE's count and verify this parameter value in the back end using linux cmd . 3. Verify the Proper value is updated in the GUI page. | H23: Change in Max CPE count should immediately updated in both GUI and and CPE should not connect more than limit | I23: BTS & CPE | J23: Configuration | K23: Not Available
A24: 23 | C24: GUI_23 | E24: Wireless - Radio -Properties | F24: DL/UL Ratio | G24: 1. Navigate to Wireless --> Radio --> Properties 2. Change different combination of DL/UL ratio and verify this parameter value in the back end using linux cmd . 3. Verify the Proper value is updated in the GUI page. | H24: Configure the different DL/UL Ratio and save and apply should immediately updated in GUI. | I24: BTS | J24: Configuration | K24: Pass
A25: 24 | C25: GUI_24 | E25: Wireless - Radio -DDRS | F25: DDRS Status | G25: 1. Navigate to Wireless --> Radio --> DDRS/ATPC 2. Change DDRS Status enable to disable and vice versa and verify this parameter value in the back end using linux cmd . 3. Verify the Proper value is updated in the GUI page. | H25: Upon enable/disable the DDRS option it should apply in GUI and and Feature also should stop/start working. | I25: BTS & CPE | J25: Configuration | K25: Pass
A26: 25 | C26: GUI_25 | E26: Wireless - Radio -DDRS | F26: Spatial Stream | G26: 1. Navigate to Wireless --> Radio --> DDRS/ATPC 2. Change Spatial Streams Auto/Single/Dual and verify this parameter value in the back end using linux cmd . 3. Verify the Proper value is updated in the GUI page. | H26: Spatial stream Auto/Single/dual should update GUI & immediately upon changes. Sysem should show Thput as per configured spatial stream | I26: BTS & CPE | J26: Configuration | K26: Pass
A27: 26 | C27: GUI_26 | E27: Wireless - Radio -DDRS | F27: Modulation Index | G27: 1. Navigate to Wireless --> Radio --> DDRS/ATPC 2.Configure max. Data rate - Single Stream/Max. Data Rate - Dual stream for Single/Dual Spatial stream and verify this parametrs in GUI. 3. Verify the Proper value is updated in the GUI page. 4. Also verify MCS vs Throughput table is maintained with different Modulation Index configured | H27: Configured Modulation Index should immediately applied in GUI and . And Tx/Rx rate should be shown as per configured Modulation Index. | I27: BTS & CPE | J27: Configuration | K27: Pass
... A31: 30 | C31: GUI_30 | E31: Wireless - Radio - DCS | F31: DCS Status | G31: 1. Navigate to Wireless --> Radio --> DCS 2. Change DCS status enable/disable and verify this parameter value in the back end using linux cmd . 3. Verify the Proper value is updated in the GUI page. | H31: DCS enable/disable status should be updated in the GUI and after changes. Also DCS should select dynamically select best channel. | I31: BTS | J31: Configuration | K31: Pass
A32: 31 | C32: GUI_31 | E32: Wireless - Radio - DCS | F32: RTx Threshold | G32: 1. Navigate to Wireless --> Radio --> DCS 2. Configure RTx Threshold value and verify this parameter value in the back end using linux cmd . 3. Verify the Proper value is updated in the GUI page. | H32: Configured RTx Threshold should updated in GUI. And Channel switching taking effect based on the configured RTx Threshold. | I32: BTS | J32: Configuration | K32: Fail | M32: DCS trigger is not happening
A33: 32 | C33: GUI_32 | E33: Wireless - Radio - DCS | F33: DCS Frequency Band Selelection | G33: 1. Navigate to Wireless --> Radio --> DCS 2. Click on the add button, add start and end range of Freq for DCS and verify this parameter value in the back end using linux cmd. 3. Verify the Proper value is updated in the GUI page. | H33: DCS freq band selection should should work as per range selection (start and end freq) during scan. Corner freqs should work as expected. | I33: BTS | J33: Configuration | K33: Fail | M33: DCS trigger is not happening
A34: 33 | C34: GUI_33 | E34: Wireless - 2.4 GHz Radio | F34: 2.4 GHz Radio Status | G34: 1. Navigate to Wireless --> 2.4 GHz Radio 2. Change traffic shaping status enable/disable and verify this parameter value in the back end using linux cmd . 3. Verify the Proper value is updated in the GUI page. | H34: 2.4 GHz Radio should start/stop radiating upon enable/disable. Change in status should also be applied in GUI and . | I34: CPE | J34: Configuration | K34: Pass
A35: 34 | C35: GUI_34 | E35: Wireless - 2.4 GHz Radio | F35: SSID | G35: 1. Navigate to Wireless --> 2.4 GHz Radio 2. Change SSID and verify this parameter value in the back end using linux cmd . 3. Verify the Proper value is updated in the GUI page. | H35: 2.4 GHz Radio SSID should be applied immediately in GUI and and same should be start broadcasting once changes applied. | I35: CPE | J35: Configuration | K35: Pass
A36: 35 | C36: GUI_35 | E36: Wireless - 2.4 GHz Radio | F36: Bandwidth | G36: 1. Navigate to Wireless --> 2.4 GHz Radio 2. Change Channel BW 20/40 MHz and verify this parameter value in the back end using linux cmd . 3. Verify the Proper value is updated in the GUI page. | H36: 2.4 GHz Radio CBW should be immediately applied in GUI and upon changes. | I36: CPE | J36: Configuration | K36: Pass
A37: 36 | C37: GUI_36 | E37: Wireless - 2.4 GHz Radio | F37: Configured Channel & Active Channel | G37: 1. Navigate to Wireless --> 2.4 GHz Radio 2. It should be Auto and user should not able to configure and verify configured and active channel in the back end using linux cmd . 3. Verify the Proper value is updated in the configured channel and Active channel. | H37: 2.4 GHz Radio, Upon chaning the channel, Active channel should be shown to same as the configured channel. | I37: CPE | J37: Configuration | K37: Pass
A38: 37 | C38: GUI_37 | E38: Wireless - 2.4 GHz Radio | F38: Encryption | G38: 1. Navigate to Wireless --> 2.4 GHz Radio 2. Change encryption from WPA2-PSK to None and vice versa and verify this parameter value in the back end using linux cmd . 3. Verify the Proper value is updated in the GUI page. | H38: 2.4 GHz Radio Change in encryption type from WPA2-PSK to None or vice versa should be updated in GUI and immediately after applied. And associated ents should get disconnected. | I38: CPE | J38: Configuration | K38: Pass
A39: 38 | C39: GUI_38 | E39: Wireless - 2.4 GHz Radio | F39: Key | G39: 1. Navigate to Wireless --> 2.4 GHz Radio 2. Change encryption key and verify this parameter value in the back end using linux cmd . 3. Verify the Proper value is updated in the GUI page and link forming as expected with correct encryption key. | H39: Change of key should immediately take effect and updated in GUI and , and link should be formed once ent end key also changed to same. | I39: CPE | J39: Configuration | K39: Pass
A40: 39 | C40: GUI_39 | E40: Network - IP Configuration | F40: IP Version (IPv4/IPv6) | G40: 1. Navigate to Network --> IP Configuration 2. Configure IP version and and verify this parameter value in the back end using linux cmd . 3. Verify the Proper value is updated in the GUI page. | H40: IPv4 and IPv6 version should be updated immediately after apply. And IPv4/IPv6 respective field should be shown. | I40: BTS & CPE | J40: Configuration | K40: Pass
A41: 40 | C41: GUI_40 | E41: Network - IP Configuration | F41: IP Address | G41: 1. Navigate to Network --> IP Configuration 2. Configure IPv4/IPv6 and verify this parameter value in the back end using linux cmd . 3. Verify the Proper value is updated in the GUI page. 4. Check by opening new tab with updated ip and verify proper login is happening. | H41: IPv4/IPv6 address configuration should take effect immediately after apply. And device should login through GUI and using the updated Ip address. | I41: BTS & CPE | J41: Configuration | K41: Pass
A42: 41 | C42: GUI_41 | E42: Network - IP Configuration | F42: Subnet Mask/Prefix Length | G42: 1. Navigate to Network --> IP Configuration 2. Configure Subnet Mask (Ipv4)/prefix Length (Ipv6) and verify this parameter value in the back end using linux cmd . 3. Verify the Proper value is updated in the GUI page. 4. Check by opening new tab with updated ip and verify proper login is happening. | H42: IPv4/IPv6 Subnet Mask/Prefix Length configuration should take effect immediately after apply. And device should login through GUI and using the updated Ip address and CPEbnet/prefix. | I42: BTS & CPE | J42: Configuration | K42: Pass
A43: 42 | C43: GUI_42 | E43: Network - IP Configuration | F43: Gateway | G43: 1. Navigate to Network --> IP Configuration 2. Configure Gateway IP and verify this parameter value in the back end using linux cmd . 3. Verify the Proper value is updated in the GUI page. 4. Check by opening new tab with updated ip and verify proper login is happening. | H43: IPv4/IPv6 Gateway configuration should take effect immediately after apply. And device should login through GUI and using the updated Ip address, CPEbnet/prefix and gateway. | I43: BTS & CPE | J43: Configuration | K43: Pass
A44: 43 | C44: GUI_43 | E44: Network - VLAN | F44: Radio Management VLAN ID | G44: 1. Navigate to Network --> VLAN 2. Configure the Radio M-VLAN ID and verify this parameter value in the back end using linux cmd . 3. Verify the Proper value is updated in the GUI page. | H44: Change in Management VLAN should immedeately apply and update in GUI and . Also check MVLAN functionality is working as expected. | I44: BTS & CPE | J44: Configuration | K44: Pass
A45: 44 | C45: GUI_44 | E45: Network - VLAN | F45: Radio VLAN Modes | G45: 1. Navigate to Network --> VLAN 2. Configure the different Radio VLAN Modes and verify these parameter value in the back end using linux cmd . 3. Verify the Proper value is updated in the GUI page. | H45: Configure and change the VLAN Mode Transparent or Q-in-Q and check all parameters available and working in QinQ. Also make sure all VLAN mode functionality should work as expected. | I45: BTS & CPE | J45: Configuration | K45: Pass
... A64: 63 | C64: GUI_63 | E64: Management - System - Location | F64: BTS/CPE ID Site ID Email Address Phone Number Distance Unit | G64: 1. Navigate to Management --> System --> Location 2. Change the BTS/CPE ID, Site ID, Email, Phone number, Distance unit and verify these parameter value in the back end using linux cmd . 3. Verify the Proper value is updated in the GUI page. | H64: Same as GUI_12 | I64: BTS & CPE | J64: Configuration | K64: Pass
A65: 64 | B65: CPE-C-SW-39 | C65: GUI_64 | E65: Management - System - GPS | F65: Latitude Longitude Elevation Time Satellite Count | G65: 1. Navigate to Management --> System --> GPS 2. Verify Latitude, Longitude, Elevation, Time, Satellite Count value in the back end using linux cmd. 3. Verify the Proper value is updated in the GUI page. 4. Compare the same with Mobile GPS data | H65: GPS should show all the location details when there is satellites signals in GUI. It should be same as Mobile GPS data | I65: CPE | J65: Functional | K65: Pass
A66: 65 | C66: GUI_65 | E66: Management - System - Compass | F66: Status (enable/disable) | G66: 1. Navigate to Management --> System --> Compass 2. Change the status enable/disable and verify these parameter value in the back end using linux cmd. 3. Verify the Proper value is updated in the GUI page. | H66: Enable disable status should be updated in GUI. | I66: CPE | J66: Functional | K66: Not Available
A67: 66 | C67: GUI_66 | E67: Management - System - Compass | F67: Start Calibration | G67: 1. Navigate to Management --> System --> Compass 2. ck on the Start Calibration and verify these parameter value in the back end using linux cmd. 3. Verify the Proper value is updated in the GUI page. 4. Verify after start calibration compass is working as expected. | H67: After start calibration, proper direction should be updated realtime in compass for precise alignment. | I67: CPE | J67: Functional | K67: Not Available
A68: 67 | C68: GUI_67 | E68: Management - Services - Passwords | F68: Admin/User/Installer password | G68: 1. Navigate to Management --> Services --> Passwords 2. Change the admin/user/installer passwords and verify these parameter value in the back end using linux cmd . 3. Verify the Proper value is updated in the GUI page. 4. Verify by login using new updated password in GUI 5. Do soft reboot and again check by login using new password both GUI & | H68: Change in admin/user/installer password should immediately take effect and updated. Once change user should not login with old password and only able to login using New password only | I68: BTS & CPE | J68: Configuration | K68: Pass
A69: 68 | C69: GUI_68 | E69: Management - Services - SSH | F69: SSH Status (Check/Uncheck) | G69: 1. Navigate to Management --> Services --> SSH 2. Check/Uncheck SSH option, save and verify these parameter value in the back end using linux cmd . 3. Verify the Proper value is updated in the GUI page. 4. Verify wby login through SSH after enableing and disabeling. | H69: Check and uncheck and verify SSH should work/not work based on the selection. Can be verify by login through SSH | I69: BTS & CPE | J69: Configuration | K69: Pass
A70: 69 | C70: GUI_69 | E70: Management - Upgrade/Reset - Http | F70: Config backup/Restore | G70: 1. Navigate to Management --> Upgrade/Reset --> Http 2. Download the backup and verify it is getting downloaded Successfully. 3. Upload the Backup file to restore the configuration and check the parameters getting updated as per backup file. | H70: Device Backup should be downloaded Successfully via GUI Device Backup file should be restored Succesfully via GUI | I70: BTS & CPE | J70: Functional | K70: Pass
A71: 70 | C71: GUI_70 | E71: Management - Upgrade/Reset - Http | F71: Upgrade Firmware with/without keep setting | G71: 1. Navigate to Management --> Upgrade/Reset --> Http 2. Upgrade firmware with keep setting and check all the configured parameters ratains after upgradation. 3. Upgrade the firmware without keep setting and check device should go to default setting after upgradation. | H71: upgrade with keep setting should upgrade the firmware and keeping all existing configuration. Upgrade without keep setting should upgrade the firmware and set configuration to default. | I71: BTS & CPE | J71: Functional | K71: Pass
A72: 71 | C72: GUI_71 | E72: Management - Upgrade/Reset - Reset Parameters | F72: System, Network and Wireless. (Individually and all together) | G72: 1. Navigate to Management --> Upgrade/Reset --> Reset parameters 2. Select only System and ck reset and check only system parameters should reset to default. 3. Next step select only Network and ck reset and check only Network parameters should reset to default. 4. Next step select only Wireless and ck reset and check only Wireless parameters should reset to default. 5. Next Step Select all together, and ck reset, so device whole configuration should reset to factory default. | H72: Select any module, only that module specific configuration should get reset to defaults. All module select, It should reset whole device configuration to factory defaults. | I72: BTS & CPE | J72: Functional | K72: Pass
A73: 72 | C73: GUI_72 | E73: Monitor - Radio Statistics - Link | F73: Index System Name IPv6 Address Uptime Distance Local RSSI (dBm) Remote RSSI (dBm) Mbps (MCS) Throughput (Mbps) | G73: 1. Navigate to Monitor --> Radio Statistics --> Link 2. Check all the parameters are showing correct, check every parameters by varying from diferent methods and it is correctly reflecting in the monitor page. | H73: All the parameters should show correct values along with units and should varies as per interference or other conditions varies. | I73: BTS & CPE | J73: Validation | K73: Pass
A74: 73 | C74: GUI_73 | E74: Monitor - Radio Statistics - Link | F74: CPE IP address Hyperlink is working | G74: 1. Navigate to Monitor --> Radio Statistics --> Link 2. Click on the IP Address hyperlink, and check it is opening respective CPE Web GUI in the new tab. | H74: Upon click on CPE IP address hyperlink, New tab should be open with CPE GUI access page | I74: BTS & CPE | J74: Validation | K74: Pass
A75: 74 | C75: GUI_74 | E75: Monitor - Radio Statistics - Link - Detailed Statistics | F75: Throughput | G75: 1. Run the Max throughput using tester and Monitor it on graph 2. Decrease 25 % traffic and check Graph 3. Decrease 50 % traffic and check Graph 4. Decrease 75 % traffic and check Graph 5. Stop and full traffic and check Graph | H75: Graph should increase /decrease as we vary traffoc from tester. | I75: BTS & CPE | J75: Validation | K75: Pass
A76: 75 | C76: GUI_75 | E76: Monitor - Radio Statistics - Link - Detailed Statistics | F76: RTx Graph | G76: 1. Run the Max throughput using tester and Monitor it on graph 2. Add interference to Increase Rtx and monitor traffic whether Rtx increasing or not | H76: RTx % Graph should increase/decrease as vary interference. | I76: BTS & CPE | J76: Validation | K76: Pass
A77: 76 | C77: GUI_76 | E77: Monitor - Radio Statistics - Link - Detailed Statistics | F77: Back Button | G77: Click on the Back button. | H77: Click on the Back button should take to the RF Link Statistics | I77: BTS & CPE | J77: Validation | K77: Pass
... A102: 101 | C102: GUI_101 | E102: Monitor -System Logs | F102: Device Logs and Refresh button working status | G102: 1. Navigate to Monitor --> System --> Logs 2. Check couple of device logs like Dying gasp, sw upgrade, reboot from GUI and check all config changes is recorded in the Device logs. 2. Click on the Refresh button and see all the latest logs are updated in the page. | H102: All the device related logs should be capture in Device logs section. Like dying gasp sw upgrade etc.. Refresh button should fetch all the latest logs to the log section | I102: BTS & CPE | J102: Validation | K102: Pass
A103: 102 | C103: GUI_102 | E103: Monitor -System Logs | F103: Temperature Logs, Refresh and Clear button working status | G103: 1. Navigate to Monitor --> System --> Logs 2. Check Temperature logs from GUI and check all config changes is recorded in the Temperature logs. 2. Click on the Refresh button and see all the latest logs are updated in the page. | H103: All the temperature related logs should be capture in Temperature logs section. Refresh button should fetch all the latest logs to the log section | I103: BTS & CPE | J103: Validation | K103: Pass | M103: Log Values are showing wrong
A104: 103 | C104: GUI_103 | E104: Monitor -System Logs | F104: System Logs and Refresh button working status | G104: 1. Navigate to Monitor --> System --> Logs 2. Check System Logs logs like CPU, Memory from GUI and check all config changes is recorded in the System logs. 2. Click on the Refresh button and see all the latest logs are updated in the page. | H104: All the config changes related logs should be capture in Config logs section. Refresh button should fetch all the latest logs to the log section | I104: BTS & CPE | J104: Validation | K104: Pass
A105: 104 | C105: GUI_104 | E105: Monitor - Tools - Diagnostics | F105: Ping | G105: 1. Navigate to Monitor --> Tools --> Diagnostics 2. Check ping to any reachable IP in the network. 3. Verify that the ping getting successful, 4. If we ping any unrechable IP, it should not ping. | H105: Ping functionality should work and reachable network element IP should ping | I105: BTS & CPE | J105: Functional | K105: Pass
A106: 105 | C106: GUI_105 | E106: Monitor - Tools - Diagnostics | F106: Traceroute | G106: 1. Navigate to Monitor --> Tools --> Diagnostics 2. Check traceroute between any two IP of large network. 3. verify it should check each hope rechability to trace the path, and give the final output. | H106: Traceroute functionality should work and reachable network element IP should able to traceroute via different host in between | I106: BTS & CPE | J106: Functional | K106: Pass
A107: 106 | C107: GUI_106 | E107: Monitor - Tools - Diagnostics | F107: Packet Capture | G107: 1. Navigate to Monitor --> Tools --> Diagnostics 2. ck on the packet capture to take packet capture on radio interface. 3. save and open the capture file nd verify all the basic required data is present in the packet capture. | H107: Packet capture feature should work and able to capture packet. Open the file and see all the required data are available | I107: BTS & CPE | J107: Functional | K107: Pass
A108: 107 | C108: GUI_107 | E108: Monitor - Tools - Diagnostics | F108: Console | G108: 1. Navigate to Monitor --> Tools --> Diagnostics 2. ck on the console to take console/ssh access of the radio. 3. Verify couple of commands whether it is working as expected or not | H108: Console access should work and able to take device console/ssh access with command working | I108: BTS & CPE | J108: Functional | K108: Pass
A109: 108 | C109: GUI_108 | E109: Monitor - Tools - Diagnostics | F109: Cable Length | G109: 1. Navigate to Monitor --> Tools --> Diagnostics 2. ck on Cable length to calculate the cable length between POEinjector/switch to Device. 3. Check different length cable, with soft reboot, hard reboot itrations. 4. Monitor the traffic while running this feature. | H109: Cable length feature should work and provide cable length, compare with actual cable length. Monitor traffic distruption during that. | I109: BTS & CPE | J109: Functional | K109: Pass
A110: 109 | C110: GUI_109 | E110: Monitor - Tools - Diagnostics | F110: LLDP | G110: 1. Navigate to Monitor --> Tools --> Diagnostics 2. ck on LLDP and verify all the LLDP neighbours showing in the table. | H110: LLDP feature should work and all the LLDP neighbours should show in the table. | I110: BTS & CPE | J110: Functional | K110: Pass
A111: 110 | C111: GUI_110 | E111: Monitor - Tools - Spectrum Analyser | F111: Normal Scan | G111: 1. Navigate to Monitor --> Tools --> Spectrum Analyser 2. Start the scan 3. Check the graph is showing data as per actual interference. 4. Sort the data by utilization and Interference. 5. Check values are as per Graph and Best channel showing is Actually good to use as per envirnment. | H111: Spectrum scan should provide graphical and table format Make sure CPE is showing correct data as per actual interference and utilization. Different sorting option should work as expected | I111: BTS & CPE | J111: Functional | K111: Pass
A112: 111 | C112: GUI_111 | E112: Monitor - Tools - Spectrum Analyser | F112: Site Survey & WiFi Channel Analyser | G112: 1. Navigate to Monitor --> Tools --> Spectrum Analyser 2. Run the Site Survey tool and check it is showing correct values in the scanning and graph 3. Check by turn ON couple of new radio and check new radio also getting discovered when next time run the site Survey. | H112: In the spectrum scan it should provide site Survey details of co-colated and nearby operating device details with RSSI data optional, Same should be shown in graph also | I112: BTS & CPE | J112: Functional | K112: Pass
A113: 112 | C113: GUI_112 | E113: Monitor - Tools - Spectrum Analyser | F113: Site Survey .txt report data and format | G113: 1. Navigate to Monitor --> Tools --> Spectrum Analyser 2. Download the .txt Site Survey Report file and check all the data Formats are correct and Matching as per GUI numbers. | H113: User should able to download the Site Survey data in .txt format with required data fields | I113: BTS & CPE | J113: Functional | K113: Pass
A114: 113 | C114: GUI_113 | E114: Monitor - Tools - Spectrum Analyser | F114: Channel Statistics | G114: 1. Navigate to Monitor --> Tools --> Spectrum Analyser 2. ck on the channel statistics by utilization or interference and check the values are correct as per environments. | H114: In the spectrum scan it should provide channel statistics details of co-colated and nearby operating device details with RSSI data optional. It should provide table RESULT as per freq rage selected (start and end) | I114: BTS & CPE | J114: Functional | K114: Pass
A115: 114 | C115: GUI_114 | E115: Monitor - Tools - Spectrum Analyser | F115: Channel Statistics .txt report data and format | G115: 1. Navigate to Monitor --> Tools --> Spectrum Analyser 2. Download the .txt Channe statistics Report file and check all the data Formats are correct and Matching as per GUI numbers. | H115: User should able to download the channel statistics data in .txt format with required data fields | I115: BTS & CPE | J115: Functional | K115: Pass
... A140: 139 | C140: GUI_139 | E140: Alarm | F140: Check the Alarm status in Home page | G140: 1. Login Device GUI 2.Homepage, check the Alarm 3. Load Different buils in BTS & CPE (Ex: BTS:1.0.0.11, CPE:0.0.0.11) 4. check the Home page -> Alarm is highlighted | H140: 1. Login Device GUI 2.Homepage, check the Alarm 3. if both BTS & CPE having different builds, it will show the Alarm is highlighted in red colour in String. 4. check the Home page -> Alarm is highlighted | I140: BTS & CPE | J140: Validation | K140: Pass

Sheet Throughput per MCS
A1: SUMMARY
A2: A60 BTS and A61 CPE Testing on firmware v0.x.x.x original ver. 0.x.x.x
A3: Bandwidth | B3: Channel Selection Mode | C3: Unit Name | D3: Ch. No. | E3: Freq. | F3: Tx Power (dBm) | G3: MCS | H3: RSSI (dBm) | I3: Chain 0 RSSI | J3: Chain 1 RSSI | K3: SNR (dB) | L3: CINR (dB) | M3: Noise Floor | N3: Tx Data Rate (Mb/s) | O3: Tx Traffic (Mb/s) | P3: Rx Traffic (Mb/s) | Q3: MIMO | R3: Traffic Packet Size | S3: TDMA Ratio | T3: Total Rx Throughput (Mb/s) of BTS and CPE | U3: Latency (ms) | V3: Test Duration | W3: Remarks if Any
E4: (MHz)
A5: 160 MHz | B5: Manual Best CH/Auto | C5: BTS | G5: 23 | Q5: Dual | R5: 1518 | S5: 80-20 | V5: 2 min
C6: CPE | G6: 23
A7: 160 MHz | B7: Manual Best CH/Auto | C7: BTS | G7: 22 | Q7: Dual | R7: 1518 | S7: 80-20 | V7: 2 min
C8: CPE | G8: 22
A9: 160 MHz | B9: Manual Best CH/Auto | C9: BTS | G9: 21 | Q9: Dual | R9: 1518 | S9: 80-20 | V9: 2 min
C10: CPE | G10: 21
A11: 160 MHz | B11: Manual Best CH/Auto | C11: BTS | G11: 20 | Q11: Dual | R11: 1518 | S11: 80-20 | V11: 2 min
C12: CPE | G12: 20
A13: 160 MHz | B13: Manual Best CH/Auto | C13: BTS | G13: 19 | Q13: Dual | R13: 1518 | S13: 80-20 | V13: 2 min
C14: CPE | G14: 19
A15: 160 MHz | B15: Manual Best CH/Auto | C15: BTS | G15: 18 | Q15: Dual | R15: 1518 | S15: 80-20 | V15: 2 min
C16: CPE | G16: 18
A17: 160 MHz | B17: Manual Best CH/Auto | C17: BTS | G17: 17 | Q17: Dual | R17: 1518 | S17: 80-20 | V17: 2 min
C18: CPE | G18: 17
A19: 160 MHz | B19: Manual Best CH/Auto | C19: BTS | G19: 16 | Q19: Dual | R19: 1518 | S19: 80-20 | V19: 2 min
C20: CPE | G20: 16
A21: 160 MHz | B21: Manual Best CH/Auto | C21: BTS | G21: 15 | Q21: Dual | R21: 1518 | S21: 80-20 | V21: 2 min
C22: CPE | G22: 15
A23: 160 MHz | B23: Manual Best CH/Auto | C23: BTS | G23: 14 | Q23: Dual | R23: 1518 | S23: 80-20 | V23: 2 min
C24: CPE | G24: 14
A25: 160 MHz | B25: Manual Best CH/Auto | C25: BTS | G25: 13 | Q25: Dual | R25: 1518 | S25: 80-20 | V25: 2 min
C26: CPE | G26: 13
A27: 160 MHz | B27: Manual Best CH/Auto | C27: BTS | G27: 12 | Q27: Dual | R27: 1518 | S27: 80-20 | V27: 2 min
C28: CPE | G28: 12
A31: A60 BTS and A61 CPE Testing on firmware v0.x.x.x original ver. 0.x.x.x
A32: Bandwidth | B32: Channel Selection Mode | C32: Unit Name | D32: Ch. No. | E32: Freq. | F32: Tx Power (dBm) | G32: MCS | H32: RSSI (dBm) | I32: Chain 0 RSSI | J32: Chain 1 RSSI | K32: SNR (dB) | L32: CINR (dB) | M32: Noise Floor | N32: Tx Data Rate (Mb/s) | O32: Tx Traffic (Mb/s) | P32: Rx Traffic (Mb/s) | Q32: MIMO | R32: Traffic Packet Size | S32: TDMA Ratio | T32: Total Rx Throughput (Mb/s) of BTS and CPE | U32: Latency (ms) | V32: Test Duration | W32: Remarks if Any
E33: (MHz)
A34: 80 MHz | B34: Manual Best CH/Auto | C34: BTS | G34: 23 | Q34: Dual | R34: 1518 | S34: 80-20 | V34: 2 min
C35: CPE | G35: 23
A36: 80 MHz | B36: Manual Best CH/Auto | C36: BTS | G36: 22 | Q36: Dual | R36: 1518 | S36: 80-20 | V36: 2 min
C37: CPE | G37: 22
A38: 80 MHz | B38: Manual Best CH/Auto | C38: BTS | G38: 21 | Q38: Dual | R38: 1518 | S38: 80-20 | V38: 2 min
C39: CPE | G39: 21
A40: 80 MHz | B40: Manual Best CH/Auto | C40: BTS | G40: 20 | Q40: Dual | R40: 1518 | S40: 80-20 | V40: 2 min
C41: CPE | G41: 20
A42: 80 MHz | B42: Manual Best CH/Auto | C42: BTS | G42: 19 | Q42: Dual | R42: 1518 | S42: 80-20 | V42: 2 min
C43: CPE | G43: 19
A44: 80 MHz | B44: Manual Best CH/Auto | C44: BTS | G44: 18 | Q44: Dual | R44: 1518 | S44: 80-20 | V44: 2 min
C45: CPE | G45: 18
A46: 80 MHz | B46: Manual Best CH/Auto | C46: BTS | G46: 17 | Q46: Dual | R46: 1518 | S46: 80-20 | V46: 2 min
C47: CPE | G47: 17
A48: 80 MHz | B48: Manual Best CH/Auto | C48: BTS | G48: 16 | Q48: Dual | R48: 1518 | S48: 80-20 | V48: 2 min
C49: CPE | G49: 16
A50: 80 MHz | B50: Manual Best CH/Auto | C50: BTS | G50: 15 | Q50: Dual | R50: 1518 | S50: 80-20 | V50: 2 min
C51: CPE | G51: 15
A52: 80 MHz | B52: Manual Best CH/Auto | C52: BTS | G52: 14 | Q52: Dual | R52: 1518 | S52: 80-20 | V52: 2 min
C53: CPE | G53: 14
A54: 80 MHz | B54: Manual Best CH/Auto | C54: BTS | G54: 13 | Q54: Dual | R54: 1518 | S54: 80-20 | V54: 2 min
C55: CPE | G55: 13
A56: 80 MHz | B56: Manual Best CH/Auto | C56: BTS | G56: 12 | Q56: Dual | R56: 1518 | S56: 80-20 | V56: 2 min
C57: CPE | G57: 12
A60: A60 BTS and A61 CPE Testing on firmware v0.x.x.x original ver. 0.x.x.x
A61: Bandwidth | B61: Channel Selection Mode | C61: Unit Name | D61: Ch. No. | E61: Freq. | F61: Tx Power (dBm) | G61: MCS | H61: RSSI (dBm) | I61: Chain 0 RSSI | J61: Chain 1 RSSI | K61: SNR (dB) | L61: CINR (dB) | M61: Noise Floor | N61: Tx Data Rate (Mb/s) | O61: Tx Traffic (Mb/s) | P61: Rx Traffic (Mb/s) | Q61: MIMO | R61: Traffic Packet Size | S61: TDMA Ratio | T61: Total Rx Throughput (Mb/s) of BTS and CPE | U61: Latency (ms) | V61: Test Duration | W61: Remarks if Any
E62: (MHz)
A63: 40 MHz | B63: Manual Best CH/Auto | C63: BTS | G63: 23 | Q63: Dual | R63: 1518 | S63: 80-20 | V63: 2 min
C64: CPE | G64: 23
A65: 40 MHz | B65: Manual Best CH/Auto | C65: BTS | G65: 22 | Q65: Dual | R65: 1518 | S65: 80-20 | V65: 2 min
C66: CPE | G66: 22
A67: 40 MHz | B67: Manual Best CH/Auto | C67: BTS | G67: 21 | Q67: Dual | R67: 1518 | S67: 80-20 | V67: 2 min
C68: CPE | G68: 21
A69: 40 MHz | B69: Manual Best CH/Auto | C69: BTS | G69: 20 | Q69: Dual | R69: 1518 | S69: 80-20 | V69: 2 min
C70: CPE | G70: 20
A71: 40 MHz | B71: Manual Best CH/Auto | C71: BTS | G71: 19 | Q71: Dual | R71: 1518 | S71: 80-20 | V71: 2 min
C72: CPE | G72: 19
A73: 40 MHz | B73: Manual Best CH/Auto | C73: BTS | G73: 18 | Q73: Dual | R73: 1518 | S73: 80-20 | V73: 2 min
C74: CPE | G74: 18
A75: 40 MHz | B75: Manual Best CH/Auto | C75: BTS | G75: 17 | Q75: Dual | R75: 1518 | S75: 80-20 | V75: 2 min
C76: CPE | G76: 17
A77: 40 MHz | B77: Manual Best CH/Auto | C77: BTS | G77: 16 | Q77: Dual | R77: 1518 | S77: 80-20 | V77: 2 min
C78: CPE | G78: 16
A79: 40 MHz | B79: Manual Best CH/Auto | C79: BTS | G79: 15 | Q79: Dual | R79: 1518 | S79: 80-20 | V79: 2 min
C80: CPE | G80: 15
A81: 40 MHz | B81: Manual Best CH/Auto | C81: BTS | G81: 14 | Q81: Dual | R81: 1518 | S81: 80-20 | V81: 2 min
C82: CPE | G82: 14
A83: 40 MHz | B83: Manual Best CH/Auto | C83: BTS | G83: 13 | Q83: Dual | R83: 1518 | S83: 80-20 | V83: 2 min
C84: CPE | G84: 13
A85: 40 MHz | B85: Manual Best CH/Auto | C85: BTS | G85: 12 | Q85: Dual | R85: 1518 | S85: 80-20 | V85: 2 min
C86: CPE | G86: 12
A89: A60 BTS and A61 CPE Testing on firmware v0.x.x.x original ver. 0.x.x.x
A90: Bandwidth | B90: Channel Selection Mode | C90: Unit Name | D90: Ch. No. | E90: Freq. | F90: Tx Power (dBm) | G90: MCS | H90: RSSI (dBm) | I90: Chain 0 RSSI | J90: Chain 1 RSSI | K90: SNR (dB) | L90: CINR (dB) | M90: Noise Floor | N90: Tx Data Rate (Mb/s) | O90: Tx Traffic (Mb/s) | P90: Rx Traffic (Mb/s) | Q90: MIMO | R90: Traffic Packet Size | S90: TDMA Ratio | T90: Total Rx Throughput (Mb/s) of BTS and CPE | U90: Latency (ms) | V90: Test Duration | W90: Remarks if Any
E91: (MHz)
A92: 20 MHz | B92: Manual Best CH/Auto | C92: BTS | G92: 23 | Q92: Dual | R92: 1518 | S92: 80-20 | V92: 2 min
C93: CPE | G93: 23
A94: 20 MHz | B94: Manual Best CH/Auto | C94: BTS | G94: 22 | Q94: Dual | R94: 1518 | S94: 80-20 | V94: 2 min
C95: CPE | G95: 22
A96: 20 MHz | B96: Manual Best CH/Auto | C96: BTS | G96: 21 | Q96: Dual | R96: 1518 | S96: 80-20 | V96: 2 min
C97: CPE | G97: 21
A98: 20 MHz | B98: Manual Best CH/Auto | C98: BTS | G98: 20 | Q98: Dual | R98: 1518 | S98: 80-20 | V98: 2 min
C99: CPE | G99: 20
A100: 20 MHz | B100: Manual Best CH/Auto | C100: BTS | G100: 19 | Q100: Dual | R100: 1518 | S100: 80-20 | V100: 2 min
C101: CPE | G101: 19
A102: 20 MHz | B102: Manual Best CH/Auto | C102: BTS | G102: 18 | Q102: Dual | R102: 1518 | S102: 80-20 | V102: 2 min
C103: CPE | G103: 18
A104: 20 MHz | B104: Manual Best CH/Auto | C104: BTS | G104: 17 | Q104: Dual | R104: 1518 | S104: 80-20 | V104: 2 min
C105: CPE | G105: 17
A106: 20 MHz | B106: Manual Best CH/Auto | C106: BTS | G106: 16 | Q106: Dual | R106: 1518 | S106: 80-20 | V106: 2 min
...

Sheet ATPC
A1: S.No | B1: TRACEABILITY-ID | C1: TESTCASE-ID | D1: TEST SETUP | E1: TEST DESCRIPTION | F1: TEST STEPS | G1: EXPECTED RESULT | H1: TEST RUN DUT | I1: TEST TYPE | J1: RESULT | K1: DEFECT ID | L1: COMMENTS
A2: 1 | C2: ATPC_01 | E2: Config the ATPC in GUI | F2: 1.Enable ATPC 2.Verify configured value is updated in the board or not. | G2: 1.Configure value should update in the board. 2.Configured value in the board should update in UI. | H2: CPE | I2: Configuration | J2: Not Available
A3: 2 | C3: ATPC_02 | E3: To verify if able to enable/disable ATPC from GUI | F3: 1. Login to the BTS / CPE GUI 2. Go to Wireless --> Radio 1 -> DDRS/ATPC 3. Enable the ATPC option 4. Verify if able to configure the ATPC parameters after enabling. | G3: Should be able to configure if enabled Should not able to configure if disabled. | H3: CPE | I3: Configuration | J3: Not Available
A4: 3 | C4: ATPC_03 | E4: Disable ATPC and check if Txpower switches to original value when ATPC is disabled | F4: Txpower should switch to previous configured value | G4: After disabling ATPC Txpower should switch to original configured value | H4: CPE | I4: Functional | J4: Not Available
A5: 4 | C5: ATPC_04 | E5: ATPC working status after reboot | F5: 1. Login to the BTS / CPE GUI 2. Go to Wireless --> Radio 1 -> DDRS/ATPC 3. Enable the ATPC option and save 4. reboot the device and check the ATPC status after reboots | G5: Device should operate in same ATPC enable mode after reboot | H5: CPE | I5: Negative | J5: Not Available
A6: 5 | C6: ATPC_05 | E6: Check ATPC goes to disable after doing factory reset of the device | F6: 1. Login to to the BTS / CPE GUI 2. enable ATPC and save 3. Reset device to factory default | G6: All the configured ATPC configurations should go to default state after factory reset. | H6: CPE | I6: Negative | J6: Not Available
A7: 6 | C7: ATPC_06 | E7: Verify ATPC response to interference introduction | F7: Introduce interference in the band | G7: ATPC should adjust power to maintain link quality | H7: CPE | I7: Negative | J7: Not Available
A8: 7 | C8: ATPC_07 | E8: Verify ATPC logging/monitoring: Check if power adjustments are logged | F8: 1. Change the ATPC Status 2. Go to Monitor -> System Logs | G8: System should log ATPC events for troubleshooting | H8: CPE | I8: Functional | J8: Not Available
A9: 8 | C9: ATPC_08 | E9: Test ATPC impact on throughput performance | F9: Measure throughput with ATPC Disable/Enable in controlled environment 1. Disable ATPC and check the Throughput onto Default Power 2. Enable ATPC and check the Throughput | G9: Throughput performance must be constant. | H9: CPE | I9: Functional | J9: Not Available
A10: 9 | C10: ATPC_09 | E10: Verify multiple CPEs adjust power independently Based on their distance from BTS | F10: Place CPEs at different distances from BTS | G10: Each CPE should set its TX power independently Based on RSSI from BTS | H10: CPE | I10: Functional | J10: Not Available
A11: 10 | C11: ATPC_10 | E11: Test CPE reconnection with ATPC enabled | F11: Soft Disconnect and reconnect CPE 1. Go to Link Status 2. Click Disconnect 3. Verify the Power level and RSSI of CPE | G11: CPE should smoothly adjust power | H11: CPE | I11: Negative | J11: Not Available

Sheet Jumbo Frames
A1: S.No | B1: TRACEABILITY-ID | C1: TESTCASE-ID | D1: TEST SETUP | E1: TEST DESCRIPTION | F1: TEST STEPS | G1: EXPECTED RESULT | H1: TEST RUN DUT | I1: TEST TYPE | J1: RESULT | K1: DEFECT ID | L1: COMMENTS
A2: 1 | C2: JMB_01 | E2: Configure Frame | F2: 1)Set jumbo frame/MTU in BTS and CPE 2)Check the MTU size is applied properly for ath1 and br-lan except ath0 3)Check heartbeat is send properly while Jumbo is enabled | G2: Should be able to apply the configured Jumbo value from GUI/NMS and the device should work based on the jumbo frame value selected NMS communication should be proper when jumbo frame is enabled MTU size should be applied properly to ath1 and br-lan | H2: BTS & CPE | I2: Functional | J2: Pass
A3: 2 | C3: JMB_02 | E3: Jumbo frame | F3: Configure 9000 packet size and test | G3: should be able to configure and forward jumbo packet size | H3: BTS & CPE | I3: Functional | J3: Pass
A4: 3 | C4: JMB_03 | E4: To Check frame fragment with min/mid packet size(MTU:2000, 5000) | F4: 1. Make the P2MP link with Jumbo frame at min MTU Size limit 2. Connect the end point device to both side of the board with 2000 MTU size 3. Ping from BTS side End device to CPE side end device using ping command 4. Connect the end point device to both side of the board with 5000 MTU size 5. Ping from BTS side End device to CPE side end device using ping command 4. Run wireshark in the BTS end point device 5. Check the packet size in 'length' column in wireshark | G4: 1. Check the all interface MTU size (except athX interface) using ifconfig command 2. In Wireshark, check the packet should not get fragment in the end device while receiving, Verify in length column in wireshark | H4: BTS & CPE | I4: Negative | J4: Pass
A5: 4 | C5: JMB_04 | E5: To Check frame fragment with max packet size(MTU:9000) | F5: 1. Make the P2MP link with Jumbo frame at max MTU Size limit 2. Connect the end point device to both side of the board with max MTU size 3. Ping from BTS side End device to CPE side end device with max size (ping <end-deviceIP> -c 1000 -s 8958) 4. Run wireshark in the BTS end point device 5. Push traffic from Testing Tool with packet size 9000 and verify whether able to receive on other end device 6. Check the packet size in 'length' column in wireshark | G5: 1. Check the all interface MTU size (except athX interface) 2. In Wireshark, check the packet should get fragment. 3. In end device, the packet should be get aggregated. 4. Should be able to receive the traffic with specific packet size on other side. | H5: BTS & CPE | I5: Functional | J5: Pass
A6: 5 | C6: JMB_05 | E6: Jumbo with Mgmt VLAN | F6: - Enable jumbo frame and management VLAN and check if the VLAN interface is set with proper MTU size - Run the ifconfig command check the mtu value of Managment interface | G6: When jumbo frame and Management VLAN is enabled MTU size should be set as configured | H6: BTS & CPE | I6: Functional | J6: Pass
A7: 6 | C7: JMB_06 | E7: Jumbo with P2MP | F7: 1. It should create each tunnel for each CPE, verify using below command #ifconfig 2.Ping from BTS side End device to CPE side end device with max size (ping <end-deviceIP> -c 1000 -s 8958) 4. Run wireshark in the BTS end point device 5. Push traffic from Testing Tool with packet size 9000 and verify whether able to receive on other end device 6.Check the packet size in 'length' column in wireshark | G7: Able to ping the each device | H7: BTS & CPE | I7: Functional | J7: Pass
A8: 7 | C8: JMB_07 | E8: Reboot | F8: - Enable jumbo frame and verify if MTU is set properly and tunnel is created - Verify the tunnel and MTU size using ifconfig command - Reboot the device and check if the tunnel is created again after reboot | G8: After reboot the MTU should be set properly and tunnel should be created | H8: BTS & CPE | I8: Functional | J8: Pass
A9: 8 | C9: JMB_08 | E9: Test MTU size (1500 bytes) | F9: Configure MTU to exactly 1500 bytes | G9: Should work as standard Ethernet frame size | H9: BTS & CPE | I9: Functional | J9: Pass
A10: 9 | C10: JMB_09 | E10: Test MTU boundary values (min, max, and invalid) | F10: 1. Configure MTU to minimum boundary values: 1501, 1576, 1600 bytes 2. Configure MTU to maximum boundary values: 8900, 8999 bytes 3. Try configuring invalid MTU values below minimum: 1499, 1000 bytes 4. Try configuring invalid MTU values above maximum: 9001, 10000 bytes 5. For valid MTU values, send ping with corresponding packet sizes 6. Check interface MTU using ifconfig command for each valid configuration 7. Verify packet transmission without fragmentation for valid values 8. Check error messages for invalid MTU configurations | G10: 1. All minimum boundary values (1500-1600) should be configured Successfully 2. All maximum boundary values (8900-9000) should be configured Successfully 3. Invalid values below 1500 and above 9000 should be rejected with proper error message 4. Valid MTU values should be applied properly to interface (verify via ifconfig) 5. Ping should work without fragmentation for valid MTU sizes 6. Device should not accept non-numeric or out-of-range values 7. MTU range validation: 1500-9000 bytes should be enforced | H10: BTS & CPE | I10: Negative | J10: Pass
A11: 10 | C11: JMB_10 | E11: Factory reset without retain option for different jumbo frame | F11: Configure jumbo frame, then perform factory reset. without retain configurations | G11: Should revert to default MTU (1500) | H11: BTS & CPE | I11: Negative | J11: Pass

Sheet VLAN
A1: S.No | B1: TRACEABILITY-ID | C1: TESTCASE-ID | D1: TEST SETUP | E1: TEST DESCRIPTION | F1: TEST STEPS | G1: EXPECTED RESULT | H1: TEST RUN DUT | I1: TEST TYPE | J1: RESULT | K1: DEFECT ID | L1: COMMENTS
A2: 1 | C2: VLAN_01 | E2: VLAN Enable/Disable | F2: Verify whether enable/disable VLAN feature is working fine. | G2: VLAN should be enabled/disabled based on the option selected. | H2: BTS & CPE | I2: Functional | J2: Not Available
A3: 2 | C3: VLAN_02 | E3: Verify NMS traffic VLAN assignment | F3: NMS VLAN configured (e.g., VLAN 100) Send NMS traffic from BTS to NMS server | G3: Traffic tagged with VLAN 100 only; reaches NMS server | H3: BTS | I3: Functional | J3: Pass | L3: Tested on SkyPoint NMS
A4: 3 | C4: VLAN_03 | E4: Verify data traffic double-tagging | F4: Outer VLAN (e.g., 200), Inner VLAN (e.g., 10) configured Send user data traffic from CPE through BTS | G4: Frames carry double tags (200/10) | H4: BTS | I4: Functional | J4: Pass | L4: Tested on SkyPoint NMS
A5: 4 | C5: VLAN_04 | E5: Negative test – NMS traffic with wrong VLAN | F5: Misconfigure NMS VLAN on BTS Send NMS traffic | G5: Traffic dropped; no delivery to NMS server | H5: BTS & CPE | I5: Negative | J5: Pass | L5: Tested on SkyPoint NMS
A6: 5 | C6: VLAN_05 | E6: Negative test – Data traffic missing inner VLAN | F6: Configure only outer VLAN Send user traffic | G6: Traffic dropped or rejected; no double-tagging | H6: BTS | I6: Negative | J6: Pass | L6: Tested on SkyPoint NMS
A7: 6 | C7: VLAN_06 | E7: Verify VLAN separation between NMS and data | F7: Configure NMS VLAN 100, Data VLAN 200/10 Send both traffic types simultaneously | G7: NMS traffic isolated; data traffic double-tagged; no cross-leak | H7: BTS & CPE | I7: Functional | J7: Pass | L7: Tested on SkyPoint NMS
A8: 7 | C8: VLAN_07 | E8: Verify QoS prioritization for NMS VLAN | F8: QoS rules applied to VLAN 100 Generate high load traffic | G8: NMS traffic prioritized; no packet loss | H8: BTS & CPE | I8: Functional | J8: Not Available
A9: 8 | C9: VLAN_08 | E9: Verify VLAN tagging at ingress | F9: BTS configured for VLAN tagging Capture ingress packets | G9: NMS packets tagged VLAN 100; data packets double-tagged | H9: BTS & CPE | I9: Functional | J9: Not Available
A10: 9 | C10: VLAN_09 | E10: Verify VLAN tagging at egress | F10: BTS configured for VLAN tagging Capture egress packets towards core | G10: NMS packets VLAN 100; data packets double-tagged correctly | H10: BTS & CPE | I10: Functional | J10: Not Available
A11: 10 | C11: VLAN_10 | E11: Verify interoperability with switch | F11: Switch configured for VLAN trunk Forward traffic through switch | G11: NMS VLAN recognized; double-tagged data traffic passed correctly | H11: BTS & CPE | I11: Functional | J11: Pass
A12: 11 | C12: VLAN_11 | E12: Verify management isolation | F12: Attempt to access NMS server via data VLAN Send traffic from CPE to NMS IP | G12: Access denied; NMS reachable only via VLAN 100 | H12: BTS & CPE | I12: Functional | J12: Not Available
A13: 12 | C13: VLAN_12 | E13: Test case to verify same VLAN configuration between two interface. | F13: 1.Configure VLAN 10 in laptop/end_device 2.Configure VLAN 10 in DUT. 3.Configure same netmask in both end. 4.Do ping test between both the interface. 5.Reboot the board and do ping test again. | G13: 1.Both interface should ping while configure same VLAN. 2.Both interface should ping even after reboot the board/DUT. | H13: BTS & CPE | I13: Functional | J13: Pass
A14: 13 | C14: VLAN_13 | E14: Test case to verify Different VLAN configuration between two interface. | F14: 1.Configure VLAN 10 in laptop/end_device. 2.Configure VLAN 20 in DUT. 3.Configure same netmask in both end. 4.Do ping test between both the interface. 5.Reboot the board and do ping test again. | G14: 1.Both interface should not ping while configure different VLAN. 2.Both interface should not ping even after reboot the board/DUT. | H14: BTS & CPE | I14: Functional | J14: Pass
A15: 14 | C15: VLAN_14 | E15: Test case to verify VLAN configurable range | F15: 1.Try to configure VLAN within the range (1-4094). 2.Try to configure VLAN out of the range lesser than 1, greater than 4094, excluded range (1002 - 1005), decimal value and alphapets | G15: Able to configure VLAN only within the range 1-4094. Not able to configure VLAN out of the range, excluded address, decimal value and alphapets. | H15: BTS & CPE | I15: Functional | J15: Fail | K15: httpss://ind-atlantis.senao.com/Senao-Ind/bonsai/-/issues/92 | L15: Allowing Space in between the Numbers
A16: 15 | C16: VLAN_15 | E16: Test case to verify Different VLAN between DUT and DHCP server | F16: 1.Configure DHCP server and Keep server interface in default VLAN 10. 2.Configure default VLAN 10 DUT interface. 3.Check whether DUT able to get Ip address from DHCP server. | G16: DUT not able to get IP address from DCHP server. | H16: BTS & CPE | I16: Negative | J16: Not Applicable | L16: Duplicate Test case (VLAN_12)
A17: 16 | C17: VLAN_16 | E17: Test case to verify Different VLAN between DUT and DHCP server | F17: 1.Configure DHCP server and Keep server interface in default VLAN 10. 2.Configure default VLAN 20 DUT interface. 3.Check whether DUT able to get Ip address from DHCP server. | G17: DUT not able to get IP address from DCHP server. | H17: BTS & CPE | I17: Negative | J17: Not Applicable | L17: Duplicate Test case (VLAN_12)
A18: 17 | C18: VLAN_17 | E18: Data VLAN Enable/Disable | F18: Verify whether enable/disable Data VLAN feature is working fine. | G18: Data VLAN should be enabled/disabled based on the option selected | H18: BTS | I18: Functional | J18: Not Available
A19: 18 | C19: VLAN_18 | E19: Test case to verify Data VLAN configurable range | F19: 1. Try to configure data VLAN within the range (2-4094). 2. Try to configure data VLAN out of the range lesser than 2, greater than 4094, excluded range (1002 - 1005), decimal value and alphabets | G19: Able to configure VLAN only within the range 2-4094. should not able to configure VLAN out of the range, excluded address, decimal value and alphapets. | H19: BTS | I19: Functional | J19: Fail | L19: -> After configuring VLAN as ( 1 1), space in between the numbers.. able to configured.
A20: 19 | C20: VLAN_19 | E20: Test case to verify the traffic. | F20: 1. Verify by sending data from Tester/iperf with same VLAN tag as of data VLAN. Traffic should Pass 2. Verify by sending data from Tester/iperf with different VLAN tag as of data VLAN. Traffic should not Pass | G20: 1. With same VLAN tag as of data VLAN, traffic should Pass 2. With different VLAN tag as of data VLAN, traffic should not Pass | H20: BTS | I20: Functional | J20: Pass
A21: 20 | C21: VLAN_20 | E21: Transparent bridge mode | F21: CE to PE ping response without traffic using https requests of each tabs of CPE from BTS side and initiate normal ping from CE vlan ip to PE vlan ip | G21: No drops in end to end vlan response | H21: CPE | I21: Functional | J21: Pass
A22: 21 | C22: VLAN_21 | E22: Transparent bridge mode | F22: CE to PE ping response with traffic using https requests of each tabs of CPE from BTS side and initiate normal ping from CE vlan ip to PE vlan ip | G22: No drops in end to end vlan response | H22: CPE | I22: Functional | J22: Pass
A23: 22 | C23: VLAN_22 | E23: Transparent bridge mode | F23: PE to CE ping response without traffic using https requests of each tabs of CPE from BTS side and initiate normal ping from CE vlan ip to PE vlan ip | G23: No drops in end to end vlan response | H23: CPE | I23: Functional | J23: Pass
A24: 23 | C24: VLAN_23 | E24: Transparent bridge mode | F24: PE to CE ping response with traffic using https requests of each tabs of CPE from BTS side and initiate normal ping from CE vlan ip to PE vlan ip | G24: No drops in end to end vlan response | H24: CPE | I24: Functional | J24: Pass
A25: 24 | C25: VLAN_24 | E25: Transparent bridge mode | F25: Ethernet change in traffic loaded condition and checking end to end response ( auto and 100 full duplex mode) | G25: Fine. Ethernet driver is not going to hung mode | H25: CPE | I25: Functional | J25: Pass
A26: 25 | C26: VLAN_25 | E26: Transparent bridge mode | F26: BTS reboot in traffic loaded condition and check end to end vlan reachability is fine after reboot. | G26: End to end reachability is fine | H26: CPE | I26: Functional | J26: Pass
A27: 26 | C27: VLAN_26 | E27: Transparent bridge mode | F27: BTS wireless parameter changes including ip setting and check end to end vlan reachability is fine after reboot. | G27: Fine No crash in wireless driver | H27: CPE | I27: Functional | J27: Pass
A28: 27 | C28: VLAN_27 | E28: Transparent bridge mode | F28: CPE reboot in traffic loaded condition and check end to end vlan reachability is fine after reboot. | G28: End to end reachability is fine | H28: CPE | I28: Functional | J28: Pass
A29: 28 | C29: VLAN_28 | E29: Transparent bridge mode | F29: CPE wireless parameter changes including ip setting and check end to end vlan reachability is fine after reboot. | G29: Fine No crash in wireless driver | H29: CPE | I29: Functional | J29: Pass
A30: 29 | C30: VLAN_29 | E30: Transparent bridge mode | F30: Basic reachability of CPE via default ethernet ip (169.254.254.1) and management ip. | G30: Locally reachable via default ethernet ip. | H30: CPE | I30: Functional | J30: Pass
A31: 30 | C31: VLAN_30 | E31: Transparent bridge mode | F31: change vlan modes in CPE from transparent to trunk/QnQ/Mangemnets and viceversa and crossverify gateway route is not going missing from route -n command in CPE | G31: No missing in gateway route of CPE | H31: CPE | I31: Functional | J31: Pass
... A60: 59 | C60: VLAN_59 | E60: QnQ VLAN with MVLAN Enable in BTS Transparent VLAN & MVLAN Enable in CPE | F60: Basic management reachability of BTS to CPE from management vlan configured in router / BTS (BTS Backend) | G60: Management reachability to BTS & CPE should be fine. | H60: BTS | I60: Functional | J60: Pass

Sheet Functional
A1: S.No | B1: TRACEABILITY-ID | C1: TESTCASE-ID | D1: TEST SETUP | E1: TEST DESCRIPTION | F1: TEST STEPS | G1: EXPECTED RESULT | H1: TEST RUN DUT | I1: TEST TYPE | J1: RESULT | K1: DEFECT ID | L1: COMMENTS
A2: 1 | C2: FT_01 | E2: CPU overload | F2: 1.Over load CPU using linux cmd and monitor CPU process rate. 2.Check whether processor able to sustain with maximum load and device able to send Trap to EMS at maximum load. 3.Monitor Link performance and crash if any | G2: 1.Device should able to sustain with maximum CPU overload for long time. 2.Device should generate CPU overload alarm | H2: BTS & CPE | I2: Validation | J2: Not Available
A3: 2 | C3: FT_02 | E3: Memory overload | F3: 1.Over Memory utilization using linux cmd and monitor Ram utilization rate. 2.Check whether RAM able to sustain with maximum memory load and device able to send Trap to EMS at maximum memory load. 3.Monitor Link performance and crash if any | G3: 1.Device should able to sustain with maximum memory overload for long time. 2.Device should generate Memory overload alarm | H3: BTS & CPE | I3: Validation | J3: Pass
A4: 3 | C4: FT_03 | E4: Test to verify that all the changes made within Channel width, Network config and Link details are getting retained after hard reboot. | F4: 1. Login in to BTS / CPE GUI. 2.Go to Network Config >> IP address 3.Now Change protocol to static. 4.Change IPv4, ipv6 address and netmask. 5.Click on save. 6.Now hard reboot the device | G4: Configuration should not remove after Hard reboot | H4: BTS & CPE | I4: Functional | J4: Pass
A5: 4 | C5: FT_04 | E5: Test to verify that all the changes made within Channel width, Network config and Link details are getting retained after backup partition reboot. | F5: 1. Login in to BTS / CPE GUI. 2.Go to Network Config >> Edit LAN 3.Now Change protocol to static . 4.Change IPv4, ipv6 address and netmask . 5.Click on save. 6. Now Go to backup partition with commit firmware | G5: Configuration should copied to backup partition while rebooting to backup and both partition should have same config | H5: BTS & CPE | I5: Functional | J5: Pass
A6: 5 | C6: FT_05 | E6: Test to verify that all the changes made within Channel width, Network config and link Details are reflecting in System Summary too. | F6: 1. Login in to BTS / CPE GUI. 2.Go to Network Config >> Edit LAN 3.Now Change protocol to static . 4.Change IPv4, ipv6 address, netmask and gateway . 5.Click on save. 6. Go to Status-> Overview and verify ipv4, ipv6, ipv4 gateway and ipv6 gateway | G6: IPv4, Ipv6, netmask, Ipv4 gwateway and ipv6 gateway should update in overview | H6: BTS & CPE | I6: Functional | J6: Pass
A7: 6 | C7: FT_06 | E7: Test to verify that all the changes made within Channel width, Network config and link details are reflecting in Statistics--Link | F7: 1. Take DUT's GUI Access. 2. Go to Network Config >> Edit LAN 3.Now Change protocol to static . 4.Change IPv4, ipv6 address and netmask . 5.Click on save. 4.Verify the Radio RF Statistics--> Link | G7: Configured device IP and Tx rate should updated as per configuration | H7: BTS & CPE | I7: Functional | J7: Pass
A8: 7 | C8: FT_07 | E8: Test to verify that DUT's are moving to default settings after factory reset without keep settings | F8: 1. Login in to BTS / CPE GUI. 2.Go to Network Config >> Edit LAN 3.Now Change protocol to static. 4.Change IPv4, ipv6 address and netmask. 5.Click on save. 4.Perform the factory reset without keep setting and verify the device ip and Width | G8: After factory reset device should got to default 192.168.1.1 IPv4 and ipv6 should remove Channel width should changed to 20 Mhz | H8: BTS & CPE | I8: Negative | J8: Pass
A9: 8 | C9: FT_08 | E9: Test to verify that all config are getting retained after Factory reset with keep setting | F9: 1. Login in to BTS / CPE GUI. 2.Go to Network Config >> Edit LAN 3.Now Change protocol to static. 4.Change IPv4, ipv6 address and netmask. 5.Click on save. 6.Perform the factory reset with keep setting and verify the device ip and Width | G9: After factory reset device should retain all Management and wireless config | H9: BTS & CPE | I9: Negative | J9: Pass
A10: 9 | C10: FT_09 | E10: Test to verify that All config are getting retained after Reboot. | F10: 1. Login in DUT's GUI. 2.Go to Maintenance >> Reboot 3.Click on Reboot >> Reboot to Active Partition. 4.Check that all config are getting retained. | G10: All config as applied should retain back . | H10: BTS & CPE | I10: Negative | J10: Pass
A11: 10 | C11: FT_10 | E11: Test to verify that user is able to Change IPv6 prefix length and No network or RF restart is happening. (With Management VLAN Enabled) | F11: 1. Login in to BTS / CPE GUI. 2.Go to Network Config >> Edit VLAN 3.Now Change protocol to static . 4.Change IPv6 prefix length. 5.Click on save. | G11: While making network changes, wifi restart should not happen and verify the client association time | H11: BTS & CPE | I11: Functional | J11: Pass
A12: 11 | C12: FT_11 | E12: Test to verify that user is able to Change IPv6 gateway and network or RF restart is happening or not.(With Management VLAN Enabled) | F12: 1. Login in to BTS / CPE GUI. 2.Go to Network Config >> Edit VLAN 3.Now Change protocol to static . 4.Change IPv6 gateway . 5.Click on save. | G12: While making network changes, wifi restart should not happen and verify the client association time | H12: BTS & CPE | I12: Functional | J12: Pass
A13: 12 | C13: FT_12 | E13: Test to verify that user is able to Change IPv6 and network / RF restart is happening or not.(With Management VLAN Enabled) | F13: 1. Login in to BTS / CPE GUI. 2.Go to Network Config >> Edit VLAN 3.Now Change protocol to static . 4.Change IPv6 5.Click on save. | G13: While making network changes, wifi restart should not happen and verify the client association time | H13: BTS & CPE | I13: Functional | J13: Pass
... A29: 28 | C29: FT_28 | E29: Perform commit should work all times, after config change | F29: 1.Login to BTS device GUI 2.Configured channel 116 and Tx power 10 dBm. 3. Do the perform commit. 4. Go to Backup reboot and check the channel and tx power 5. Verify channel and tx power 6. Again configured Channel 132 and Tx power 6 dBm. 7. Do the perform commit. 8. Go to Backup reboot and check the channel and tx power | G29: Perform commit should work all times, after config change | H29: BTS & CPE | I29: Functional | J29: Pass

Sheet Link Test Tool
A1: S.No | B1: TRACEABILITY-ID | C1: TESTCASE-ID | D1: TEST SETUP | E1: TEST DESCRIPTION | F1: TEST STEPS | G1: EXPECTED RESULT | H1: TEST RUN DUT | I1: TEST TYPE | J1: RESULT | K1: DEFECT ID | L1: COMMENTS
A2: 1 | B2: BTS- AT- SW-01 | C2: LINK_TEST_01 | E2: Single Client UL/DL Test | F2: From paired Airtel CPE, initiate UL/DL speed test | G2: BTS accepts session, test completes Successfully | H2: BTS | I2: Functional | J2: Pass
A3: 2 | B3: BTS- AT- SW-02 | C3: LINK_TEST_02 | E3: Multiple Clients (16 Parallel Sessions) | F3: Run 16 UL/DL tests simultaneously | G3: All sessions accepted, parallel execution Successful | H3: BTS | I3: Functional | J3: Pass
A4: 3 | B4: BTS- AT- SW-01 | C4: LINK_TEST_03 | E4: Sequential UL/DL Tests | F4: Run UL/DL test one after another | G4: Each session completes Successfully without overlap issues | H4: BTS | I4: Functional | J4: Pass
A5: 4 | B5: BTS- AT- SW-01 | C5: LINK_TEST_04 | E5: Long Duration Test | F5: Run UL/DL test for 10 minutes continuously | G5: BTS maintains session stability, no drop | H5: BTS | I5: Functional | J5: Pass
A6: 5 | B6: BTS- AT- SW-01 | C6: LINK_TEST_05 | E6: High Bandwidth Test | F6: Run UL/DL test with maximum supported bandwidth | G6: BTS handles throughput without error | H6: BTS | I6: Functional | J6: Pass
A7: 6 | B7: BTS- AT- SW-01 | C7: LINK_TEST_06 | E7: Low Bandwidth Test | F7: Run UL/DL test with minimal bandwidth | G7: BTS accepts and completes test Successfully | H7: BTS | I7: Functional | J7: Pass
A8: 7 | B8: BTS- AT- SW-01 | C8: LINK_TEST_07 | E8: Restart BTS During Active Test | F8: Run UL/DL test, restart BTS mid-session | G8: Session terminates gracefully, BTS recovers after restart | H8: BTS | I8: Functional | J8: Pass
A9: 8 | B9: BTS- AT- SW-01 | C9: LINK_TEST_08 | E9: Client Reconnect After Drop | F9: Disconnect client mid-test, reconnect and restart test | G9: BTS accepts new session after reconnect | H9: BTS | I9: Functional | J9: Pass
A10: 9 | B10: BTS- AT- SW-04 | C10: LINK_TEST_09 | E10: Firewall Rule Validation During Active Test | F10: Run UL/DL test, inspect firewall rules | G10: Only required ports open during test | H10: BTS | I10: Functional | J10: Not Available | L10: Port Open/Close mechanisum is not implemented
A11: 10 | B11: BTS- AT- SW-03 | C11: LINK_TEST_10 | E11: Exceeding Session Limit (17th Session) | F11: Run 17 UL/DL tests simultaneously | G11: BTS rejects 17th connection, 16 continue Successfully | H11: BTS | I11: Negative | J11: Pass
A12: 11 | B12: BTS- AT- SW-05 | C12: LINK_TEST_11 | E12: Idle Server Timeout | F12: Start BTS speed test server, do not connect client | G12: BTS closes server | H12: BTS | I12: Functional | J12: Pass
A13: 12 | B13: BTS- AT- SW-01 | C13: LINK_TEST_12 | E13: Wrong Parameters in UL/DL Test | F13: Run UL/DL test with invalid parameters (e.g., negative bandwidth) | G13: BTS rejects session | H13: BTS | I13: Negative | J13: Pass
A14: 13 | C14: LINK_TEST_13 | E14: Excessive Duration Test | F14: Run UL/DL test beyond configured max duration | G14: BTS terminates session after limit | H14: BTS | I14: Stress | J14: Pass
A15: 14 | C15: LINK_TEST_14 | E15: Unauthorized CPE Attempt | F15: Attempt UL/DL test from unpaired CPE | G15: BTS rejects connection | H15: BTS | I15: Negative | J15: Pass
A16: 15 | B16: CPE- TC- SW-1 | C16: LINK_TEST_15 | E16: Valid Speed Test | F16: Run UL/DL test from CPE when no other clients are active | G16: Test executes; metrics returned | H16: CPE | I16: Functional | J16: Pass
A17: 16 | B17: CPE- TC- SW-2 | C17: LINK_TEST_16 | E17: Max Clients Running | F17: Run UL/DL test from CPE when 16 clients are already active | G17: Connection refused; error code returned | H17: CPE | I17: Functional | J17: Pass | L17: We can able to form link for max 16 CPE's only
A18: 17 | B18: CPE- TC- SW-3 | C18: LINK_TEST_17 | E18: CPE Reboot During Test | F18: Start UL/DL test, reboot CPE mid-test | G18: BTS closes old session; CPE can start new test | H18: CPE | I18: Functional | J18: Pass
A19: 18 | C19: LINK_TEST_18 | E19: Network Congestion | F19: Run UL/DL test under heavy traffic | G19: Metrics returned; performance degradation logged | H19: CPE | I19: Negative | J19: Pass
A20: 19 | C20: LINK_TEST_19 | E20: Packet Loss Simulation | F20: Run UL/DL test with induced packet loss | G20: Metrics reflect loss; test completes | H20: CPE | I20: Functional | J20: Pass
A21: 20 | C21: LINK_TEST_20 | E21: Latency Simulation | F21: Run UL/DL test with high latency | G21: Metrics reflect latency; test completes | H21: CPE | I21: Functional | J21: Pass
A22: 21 | C22: LINK_TEST_21 | E22: Invalid Server Config | F22: Run UL/DL test with wrong BTS server config | G22: Test fails; error logged | H22: CPE | I22: Negative | J22: Pass | L22: DL/UL configuration has no Validation.
A23: 22 | C23: LINK_TEST_22 | E23: Server Unreachable | F23: Run UL/DL test when BTS server is down | G23: Test fails | H23: CPE | I23: Negative | J23: Pass
A24: 23 | C24: LINK_TEST_23 | E24: Metrics Validation | F24: Run UL/DL test and validate reported metrics | G24: Metrics accurate and consistent | H24: CPE | I24: Functional | J24: Pass
A25: 24 | C25: LINK_TEST_24 | E25: Rapid Repeated Tests | F25: Run UL/DL tests repeatedly in short intervals | G25: BTS handles without crash; metrics returned | H25: CPE | I25: Functional | J25: Pass
A26: 25 | C26: LINK_TEST_25 | E26: Rogue Client Attempt | F26: Non-Airtel client attempts speed test | G26: Connection refused; error logged | H26: CPE | I26: Negative | J26: Pass
A27: 26 | C27: LINK_TEST_26 | E27: Failover Scenario | F27: Run UL/DL test during BTS failover | G27: Session re-established; metrics returned | H27: CPE | I27: Functional | J27: Fail
A28: 27 | C28: LINK_TEST_27 | E28: Log Verification | F28: Run UL/DL test and verify logs at NMS | G28: Logs captured correctly; metrics traceable | H28: CPE | I28: Validation | J28: Not Available
A29: 28 | B29: CPE- TC- SW-4 | C29: LINK_TEST_28 | E29: Valid Link Test | F29: Trigger link test via NMS API with reachable CPE | G29: CPE runs test; NMS displays results | H29: CPE | I29: Functional | J29: Not Available
A30: 29 | C30: LINK_TEST_29 | E30: Invalid CPE ID | F30: Trigger link test with wrong/unregistered CPE ID | G30: Error logged; no test executed | H30: CPE | I30: Negative | J30: Not Available
A31: 30 | C31: LINK_TEST_30 | E31: NMS Unreachable | F31: Disconnect NMS from BTS network and trigger test | G31: Test fails; error logged; no crash | H31: BTS | I31: Negative | J31: Not Available
A32: 31 | C32: LINK_TEST_31 | E32: BTS Busy | F32: Trigger link test while BTS is handling max load | G32: Test queued or refused gracefully; error logged | H32: BTS | I32: Stress | J32: Pass
A33: 32 | C33: LINK_TEST_32 | E33: Result Verification | F33: Trigger link test and validate metrics at NMS | G33: Results accurate and visible in NMS dashboard | H33: CPE | I33: Validation | J33: Not Available

Sheet Ethernet Test
A1: SUMMARY
A2: Test Aim: To validate BTS Speed&Duplex working as expected with the connected Device like MUX, Switch etc..
A3: Need to Test with Traffic Running Condition
B4: Manual Configuration BTS side
A5: Sr. No. | B5: Connected device: MUX/SWITCH & A60 in case of Cascaded BTS | C5: Senao A60 | D5: Expected Result | E5: Actual Result | F5: Status
A6: 1 | B6: Auto | C6: Auto | D6: Auto | E6: 1000M-full | F6: Pass
A7: 2 | C7: 100M-full | D7: 100M-full | E7: 100M-full | F7: Pass
A8: 3 | C8: 1000M-Full | D8: 1000M-full | E8: 1000M-full | F8: Pass
A9: 4 | C9: 2.5G Full | D9: 2.5G-full | E9: 2.5G full | F9: Pass
A10: 5 | B10: 2.5G Full | C10: Auto | D10: 2.5G Full | E10: 1000M-full | F10: Pass
A11: 6 | C11: 100M-full | D11: Down | E11: Down | F11: Pass
A12: 7 | C12: 1000M-Full | D12: Down | E12: Down | F12: Pass
A13: 8 | C13: 2.5G Full | D13: 2.5G-full | E13: 2.5G full | F13: Pass
A14: 9 | B14: 1000-full | C14: Auto | D14: 1000M-Full | E14: 1000M-full | F14: Pass
A15: 10 | C15: 100-full | D15: Down | E15: Down | F15: Pass
A16: 11 | C16: 1000M-Full | D16: 1000M-Full | E16: 1000M-full | F16: Pass
A17: 12 | C17: 2.5G Full | D17: Down | E17: Down | F17: Pass
A18: 13 | B18: 100-full | C18: Auto | D18: 100-full | E18: 100-full | F18: Pass
A19: 14 | C19: 100-full | D19: 100-full | E19: 100-full | F19: Pass
A20: 15 | C20: 1000M-Full | D20: Down | E20: Down | F20: Pass
A21: 16 | C21: 2.5G Full | D21: Down | E21: Down | F21: Pass
A22: 17 | B22: 100-half | C22: Auto | D22: 100-full (CRC) | E22: 100-full (CRC) | F22: Pass
A23: 18 | C23: 100-full | D23: 100-full (CRC) | E23: 100-full (CRC) | F23: Pass
A24: 19 | C24: 1000M-Full | D24: Down | E24: Down | F24: Pass
A25: 20 | C25: 2.5G Full | D25: Down | E25: Down | F25: Pass
A27: Test Aim: To validate CPE Speed&Duplex working as expected with the connected IDU.
A28: Need to Test with Traffic Running Condition
B29: Manual Configuration CPE side
A30: Sr. No. | B30: IDU | C30: Senao A61 | D30: Expected Result | E30: Actual Result | F30: Status
A31: 21 | B31: Auto | C31: auto | D31: Auto | E31: 1000-full | F31: Pass
A32: 22 | C32: 100-full | D32: 100-full | E32: 100-full | F32: Pass
A33: 23 | C33: 1000-Full | D33: 1000-full | E33: 1000-full | F33: Pass

Sheet Arp & Bridge Table
A1: S.No | B1: TRACEABILITY-ID | C1: TESTCASE-ID | D1: TEST SETUP | E1: TEST DESCRIPTION | F1: TEST STEPS | G1: EXPECTED RESULT | H1: TEST RUN DUT | I1: TEST TYPE | J1: RESULT | K1: DEFECT ID | L1: COMMENTS
A2: 1 | C2: ARPBridge_01 | E2: Basic ARP Resolution | F2: Send an ARP request for a known IP address and check if the ARP table is updated with the corresponding MAC address. | G2: The ARP table should contain the MAC address associated with the specified IP address. | H2: BTS & CPE | I2: Functional | J2: Pass
A3: 2 | C3: ARPBridge_02 | E3: Duplicate IP Handling | F3: Introduce a duplicate IP address on the network. | G3: The ARP table should only update with the first encountered MAC address for the given IP, ignoring Subsequent duplicates. | H3: BTS & CPE | I3: Negative | J3: Pass
A4: 3 | C4: ARPBridge_03 | E4: Dynamic IP Allocation | F4: Dynamically allocate an IP address to a device and check if the ARP table updates accordingly. | G4: The ARP table should dynamically update when new devices are assigned IP addresses. | H4: BTS & CPE | I4: Functional | J4: Pass
A5: 4 | C5: ARPBridge_04 | E5: Gratuitous ARP Handling | F5: Send a gratuitous ARP request and observe how the ARP table responds. | G5: The ARP table should update with the information provided in the gratuitous ARP, enCPEring consistency and correctness. | H5: BTS & CPE | I5: Functional | J5: Pass
A6: 5 | C6: ARPBridge_05 | E6: Bridge Interface | F6: Configure a network bridge between two Ethernet interfaces. | G6: Bridge table is created Successfully; both interfaces appear in the bridge. | H6: BTS & CPE | I6: Functional | J6: Pass
A7: 6 | C7: ARPBridge_06 | E7: Traffic check between two interface | F7: Send traffic from one interface to another through the bridge. | G7: Traffic is forwarded correctly; destination receives packets. | H7: BTS & CPE | I7: Functional | J7: Pass
A8: 7 | C8: ARPBridge_07 | E8: Mac learning | F8: Verify MAC address learning by sending packets from a new host. | G8: Bridge table updates with the new MAC address and associated port. | H8: BTS & CPE | I8: Validation | J8: Pass
A9: 8 | C9: ARPBridge_08 | E9: Packet forwarding to correct port | F9: Send packets from a known MAC address. | G9: Bridge forwards packets only to the correct port (no flooding). | H9: BTS & CPE | I9: Functional | J9: Pass
A10: 9 | C10: ARPBridge_09 | E10: Bridge Table entry update | F10: Disconnect a host and reconnect it to a different port. | G10: Bridge table updates MAC entry to reflect the new port. | H10: BTS & CPE | I10: Negative | J10: Pass
A11: 10 | C11: ARPBridge_10 | E11: Refresh/Clear button | F11: Check Clear and Refresh button is working or not | G11: Clear and refresh button should work as expected | H11: BTS & CPE | I11: Validation | J11: Pass
A12: 11 | C12: ARPBridge_11 | E12: Bridge table aging | F12: Check aging of MAC addresses by leaving a host idle. | G12: MAC entry is removed from the bridge table after aging timeout. | H12: BTS & CPE | I12: Validation | J12: Pass

Sheet Cable Length
A1: SUMMARY
A2: Test Aim: To validate A60/A61 Inbuild Cable length tool working status along with the accuracy and impact on traffic.
B4: Scenario 1: Power ON Device using DC power and the cable is connected from Device (LAN 1) to Laptop. | H4: Scenario 2: Power ON Device using DC power and the large cable is connected from Device (LAN 1) to Switch and small cable(1.5 Mtr) is connected from switch to Laptop. | N4: Scenario 3: Power ON Device using DC power and the small cable(1.5 Mtr) is connected from Device (LAN 1) to Switch and large cable is connected from switch to Laptop. | V4: Scenario 1: Power ON Device using DC power and the cable is connected from Device (LAN 2) to Laptop. | AB4: Scenario 2: Power ON Device using DC power and the large cable is connected from Device (LAN 2) to Switch and small cable(1.5 Mtr) is connected from switch to Laptop. | AH4: Scenario 3: Power ON Device using DC power and the small cable(1.5 Mtr) is connected from Device (LAN 2) to Switch and large cable is connected from switch to Laptop.
B5: Cable length | C5: Iterations | D5: GUI | E5: Soft Reboot | F5: Hard Reboot | H5: Cable length | I5: Iterations | J5: GUI | K5: Soft Reboot | L5: Hard Reboot | N5: Cable length | O5: Iterations | P5: GUI | Q5: Soft Reboot | R5: Hard Reboot | V5: Cable length | W5: Iterations | X5: GUI | Y5: Soft Reboot | Z5: Hard Reboot | AB5: Cable length | AC5: Iterations | AD5: GUI | AE5: Soft Reboot | AF5: Hard Reboot | AH5: Cable length | AI5: Iterations | AJ5: GUI | AK5: Soft Reboot | AL5: Hard Reboot
B6: 8 Meters | C6: 1 | D6: 8 Meters | E6: 8 Meters | F6: 8 Meters | H6: 8 Meters | I6: 1 | J6: 9 Meters | K6: 8 Meters | L6: 9 Meters | N6: 8 Meters | O6: 1 | P6: 1 Meters | Q6: 1 Meters | R6: 1 Meters | V6: 8 Meters | W6: 1 | X6: Not Working | Y6: Not Working | Z6: Not Working | AB6: 8 Meters | AC6: 1 | AD6: Not Working | AE6: Not Working | AF6: Not Working | AH6: 8 Meters | AI6: 1 | AJ6: Not Working | AK6: Not Working | AL6: Not Working
C7: 2 | D7: 8 Meters | E7: 8 Meters | F7: 8 Meters | I7: 2 | J7: 9 Meters | K7: 8 Meters | L7: 8 Meters | O7: 2 | P7: 1 Meters | Q7: 1 Meters | R7: 1 Meters | W7: 2 | X7: Not Working | Y7: Not Working | Z7: Not Working | AC7: 2 | AD7: Not Working | AE7: Not Working | AF7: Not Working | AI7: 2 | AJ7: Not Working | AK7: Not Working | AL7: Not Working
C8: 3 | D8: 8 Meters | E8: 8 Meters | F8: 8 Meters | I8: 3 | J8: 9 Meters | K8: 8 Meters | L8: 8 Meters | O8: 3 | P8: 1 Meters | Q8: 1 Meters | R8: 1 Meters | W8: 3 | X8: Not Working | Y8: Not Working | Z8: Not Working | AC8: 3 | AD8: Not Working | AE8: Not Working | AF8: Not Working | AI8: 3 | AJ8: Not Working | AK8: Not Working | AL8: Not Working
C9: 4 | D9: 8 Meters | E9: 8 Meters | F9: 8 Meters | I9: 4 | J9: 9 Meters | K9: 8 Meters | L9: 8 Meters | O9: 4 | P9: 1 Meters | Q9: 1 Meters | R9: 1 Meters | W9: 4 | X9: Not Working | Y9: Not Working | Z9: Not Working | AC9: 4 | AD9: Not Working | AE9: Not Working | AF9: Not Working | AI9: 4 | AJ9: Not Working | AK9: Not Working | AL9: Not Working
C10: 5 | D10: 8 Meters | E10: 8 Meters | F10: 8 Meters | I10: 5 | J10: 9 Meters | K10: 8 Meters | L10: 8 Meters | O10: 5 | P10: 1 Meters | Q10: 1 Meters | R10: 1 Meters | W10: 5 | X10: Not Working | Y10: Not Working | Z10: Not Working | AC10: 5 | AD10: Not Working | AE10: Not Working | AF10: Not Working | AI10: 5 | AJ10: Not Working | AK10: Not Working | AL10: Not Working
B11: 70 Meters | C11: 1 | D11: 77 Meters | E11: 77 Meters | F11: 77 Meters | H11: 70 Meters | I11: 1 | J11: 78 Meters | K11: 74 Meters | L11: 78 Meters | N11: 70 Meters | O11: 1 | P11: 1 Meters | Q11: 1 Meters | R11: 1 Meters | V11: 45 Meters | W11: 1 | X11: Not Working | Y11: Not Working | Z11: Not Working | AB11: 50 Meters | AC11: 1 | AD11: Not Working | AE11: Not Working | AF11: Not Working | AH11: 50 Meters | AI11: 1 | AJ11: Not Working | AK11: Not Working | AL11: Not Working
C12: 2 | D12: 77 Meters | E12: 77 Meters | F12: 77 Meters | I12: 2 | J12: 78 Meters | K12: 78 Meters | L12: 75 Meters | O12: 2 | P12: 1 Meters | Q12: 1 Meters | R12: 1 Meters | W12: 2 | X12: Not Working | Y12: Not Working | Z12: Not Working | AC12: 2 | AD12: Not Working | AE12: Not Working | AF12: Not Working | AI12: 2 | AJ12: Not Working | AK12: Not Working | AL12: Not Working
C13: 3 | D13: 77 Meters | E13: 77 Meters | F13: 77 Meters | I13: 3 | J13: 78 Meters | K13: 77 Meters | L13: 77 Meters | O13: 3 | P13: 1 Meters | Q13: 1 Meters | R13: 1 Meters | W13: 3 | X13: Not Working | Y13: Not Working | Z13: Not Working | AC13: 3 | AD13: Not Working | AE13: Not Working | AF13: Not Working | AI13: 3 | AJ13: Not Working | AK13: Not Working | AL13: Not Working
C14: 4 | D14: 77 Meters | E14: 77 Meters | F14: 77 Meters | I14: 4 | J14: 78 Meters | K14: 77 Meters | L14: 77 Meters | O14: 4 | P14: 1 Meters | Q14: 1 Meters | R14: 1 Meters | W14: 4 | X14: Not Working | Y14: Not Working | Z14: Not Working | AC14: 4 | AD14: Not Working | AE14: Not Working | AF14: Not Working | AI14: 4 | AJ14: Not Working | AK14: Not Working | AL14: Not Working
C15: 5 | D15: 77 Meters | E15: 77 Meters | F15: 77 Meters | I15: 5 | J15: 78 Meters | K15: 74 Meters | L15: 78 Meters | O15: 5 | P15: 1 Meters | Q15: 1 Meters | R15: 1 Meters | W15: 5 | X15: Not Working | Y15: Not Working | Z15: Not Working | AC15: 5 | AD15: Not Working | AE15: Not Working | AF15: Not Working | AI15: 5 | AJ15: Not Working | AK15: Not Working | AL15: Not Working
B16: 100 Meters | C16: 1 | D16: 110 Meters | E16: 111 Meters | F16: 104 Meters | H16: 100 Meters | I16: 1 | J16: 104 Meters | K16: 104 Meters | L16: 104 Meters | N16: 100 Meters | O16: 1 | P16: 1 Meters | Q16: 1 Meters | R16: 1 Meters | V16: 84 Meters | W16: 1 | X16: Not Working | Y16: Not Working | Z16: Not Working | AB16: 80 Meters | AC16: 1 | AD16: Not Working | AE16: Not Working | AF16: Not Working | AH16: 80 Meters | AI16: 1 | AJ16: Not Working | AK16: Not Working | AL16: Not Working
C17: 2 | D17: 110 Meters | E17: 104 Meters | F17: 104 Meters | I17: 2 | J17: 104 Meters | K17: 104 Meters | L17: 104 Meters | O17: 2 | P17: 1 Meters | Q17: 1 Meters | R17: 1 Meters | W17: 2 | X17: Not Working | Y17: Not Working | Z17: Not Working | AC17: 2 | AD17: Not Working | AE17: Not Working | AF17: Not Working | AI17: 2 | AJ17: Not Working | AK17: Not Working | AL17: Not Working
C18: 3 | D18: 110 Meters | E18: 104 Meters | F18: 104 Meters | I18: 3 | J18: 104 Meters | K18: 104 Meters | L18: 104 Meters | O18: 3 | P18: 1 Meters | Q18: 1 Meters | R18: 1 Meters | W18: 3 | X18: Not Working | Y18: Not Working | Z18: Not Working | AC18: 3 | AD18: Not Working | AE18: Not Working | AF18: Not Working | AI18: 3 | AJ18: Not Working | AK18: Not Working | AL18: Not Working
C19: 4 | D19: 110 Meters | E19: 104 Meters | F19: 104 Meters | I19: 4 | J19: 104 Meters | K19: 104 Meters | L19: 104 Meters | O19: 4 | P19: 1 Meters | Q19: 1 Meters | R19: 1 Meters | W19: 4 | X19: Not Working | Y19: Not Working | Z19: Not Working | AC19: 4 | AD19: Not Working | AE19: Not Working | AF19: Not Working | AI19: 4 | AJ19: Not Working | AK19: Not Working | AL19: Not Working
C20: 5 | D20: 110 Meters | E20: 104 Meters | F20: 110 Meters | I20: 5 | J20: 104 Meters | K20: 104 Meters | L20: 104 Meters | O20: 5 | P20: 1 Meters | Q20: 1 Meters | R20: 1 Meters | W20: 5 | X20: Not Working | Y20: Not Working | Z20: Not Working | AC20: 5 | AD20: Not Working | AE20: Not Working | AF20: Not Working | AI20: 5 | AJ20: Not Working | AK20: Not Working | AL20: Not Working
B26: Scenario : To Power ON Device using 2 IDU's as Power Supply, 1st IDU is connected to decive (LAN 1)with larger cable and 2nd IDU is connected to device (LAN 2) with smaller cable | L26: Scenario : To Power ON Device using 2 IDU's as Power Supply, 1st IDU is connected to decive (LAN 1)with small cable and 2nd IDU is connected to device (LAN 2) with larger cable
B27: Cable length | C27: Iterations | D27: Eth1 | G27: Eth2 | L27: Cable length | M27: Iterations | N27: Eth1 | Q27: Eth2
D28: GUI | E28: Soft Reboot | F28: Hard Reboot | G28: GUI | H28: Soft Reboot | I28: Hard Reboot | N28: GUI | O28: Soft Reboot | P28: Hard Reboot | Q28: GUI | R28: Soft Reboot | S28: Hard Reboot
B29: 5 Meters | C29: 1 | L29: 5 Meters | M29: 1
C30: 2 | M30: 2
C31: 3 | M31: 3
C32: 4 | M32: 4
C33: 5 | M33: 5
B34: LAN 1: 8 Meters, LAN 2: 1 Meter | C34: 1 | D34: 8 Meters | E34: 8 Meters | F34: 9 Meters | G34: 1 Meter | H34: 1 Meter | I34: Down | L34: LAN 1: 1 Meter, LAN 2: 8 Meters | M34: 1 | N34: 7 Meters | O34: 1 Meter | P34: 7 Meters | Q34: 8 Meters | R34: 9 Meters | S34: 9 Meters
C35: 2 | D35: 9 Meters | E35: 9 Meters | F35: 9 Meters | G35: 1 Meter | H35: 1 Meter | I35: 1 Meter | M35: 2 | N35: 1 Meter | O35: 7 Meters | P35: 1 Meters | Q35: 9 Meters | R35: 9 Meters | S35: 9 Meters
C36: 3 | D36: 9 Meters | E36: 8 Meters | F36: 8 Meters | G36: 1 Meter | H36: Down | I36: 1 Meter | M36: 3 | N36: 7 Meters | O36: 1 Meter | P36: 1 Meters | Q36: 9 Meters | R36: 9 Meters | S36: 9 Meters
C37: 4 | D37: 9 Meters | E37: 9 Meters | F37: 8 Meters | G37: 1 Meter | H37: Down | I37: 1 Meter | M37: 4 | N37: 7 Meters | O37: 7 Meters | P37: 1 Meters | Q37: 9 Meters | R37: 9 Meters | S37: 9 Meters
C38: 5 | D38: 9 Meters | E38: 8 Meters | F38: 8 Meters | G38: 1 Meter | H38: Down | I38: 1 Meter | M38: 5 | N38: 1 Meter | O38: 1 Meter | P38: 1 Meters | Q38: 9 Meters | R38: 9 Meters | S38: 9 Meters
B39: 50 Meters | C39: 1 | L39: 50 Meters | M39: 1
C40: 2 | M40: 2
C41: 3 | M41: 3
C42: 4 | M42: 4
C43: 5 | M43: 5
B44: 80 Meters | C44: 1 | L44: 80 Meters | M44: 1
C45: 2 | M45: 2
C46: 3 | M46: 3
C47: 4 | M47: 4
C48: 5 | M48: 5

Sheet QoS
A1: S.No | B1: TRACEABILITY-ID | C1: TESTCASE-ID | D1: TEST SETUP | E1: TEST DESCRIPTION | F1: TEST STEPS | G1: EXPECTED RESULT | H1: TEST RUN DUT | I1: TEST TYPE | J1: RESULT | K1: DEFECT ID | L1: COMMENTS
A2: 1 | C2: QoS_01 | E2: Validate that QoS ensures voice packets are prioritized while maintaining acceptable performance for data traffic. | F2: 1. Configure QoS to prioritize voice traffic. 2. Generate voice traffic. 3. Monitor traffic. | G2: Voice traffic is prioritized with minimal latency and jitter. Data traffic experiences no significant delay. | H2: BTS & CPE | I2: Functional | J2: Pass
A3: 2 | C3: QoS_02 | E3: Confirm video streams are prioritized to guarantee smooth playback, with non‑video traffic handled at lower priority. | F3: 1. Configure QoS to prioritize video streaming. 2. Stream video content. 3. Monitor bandwidth allocation. | G3: Video traffic receives higher priority, maintaining smooth playback. Other traffic is deprioritized. | H3: BTS & CPE | I3: Functional | J3: Pass
A4: 3 | C4: QoS_03 | E4: Verify that gaming traffic is prioritized to minimize latency and packet loss for uninterrupted gameplay. | F4: 1. Set QoS policies for gaming traffic. 2. Initiate gaming session. 3. Measure latency and packet loss. | G4: Gaming traffic has reduced latency and packet loss, ensuring smooth gameplay. | H4: BTS & CPE | I4: Functional | J4: Pass
A5: 4 | C5: QoS_04 | E5: Validate that QoS policies enforce correct prioritization hierarchy across traffic classes. | F5: 1. Configure multiple traffic priorities simultaneously. 2. Generate traffic for each priority. 3. Observe traffic handling. | G5: Traffic is prioritized according to QoS settings, with high-priority traffic receiving precedence. | H5: BTS & CPE | I5: Functional | J5: Pass
A6: 5 | C6: QoS_05 | E6: Confirm bandwidth caps are applied to low‑priority flows to prevent congestion. | F6: 1. Set maximum bandwidth limits for low-priority traffic. 2. Generate low-priority traffic. 3. Monitor bandwidth usage. | G6: Low-priority traffic is limited to configured bandwidth, preventing it from congesting the link. | H6: BTS & CPE | I6: Functional | J6: Pass
A7: 6 | C7: QoS_06 | E7: Verify that critical applications receive guaranteed performance under QoS enforcement. | F7: 1. Introduce congestion by generating high traffic load. 2. Observe QoS behavior during congestion. | G7: QoS policies effectively prioritize critical traffic, maintaining performance for high-priority data. | H7: BTS & CPE | I7: Functional | J7: Pass
A8: 7 | C8: QoS_07 | E8: Establish baseline performance without QoS to compare improvements when enabled. | F8: 1. Disable QoS. 2. Generate mixed traffic. 3. Measure latency and throughput. | G8: Without QoS, traffic performance is inconsistent, with possible delays and packet loss. | H8: BTS & CPE | I8: Functional | J8: Pass
A9: 8 | C9: QoS_08 | E9: Validate DSCP‑based classification accuracy and enforcement across the network. | F9: 1. Enable QoS with different DSCP markings. 2. Send traffic with varied DSCP values. 3. Verify traffic classification. | G9: Traffic is correctly classified and prioritized based on DSCP markings. | H9: BTS & CPE | I9: Functional | J9: Pass
A10: 9 | C10: QoS_09 | E10: Verify simultaneous prioritization of voice and data traffic without performance loss. | F10: 1. Set up QoS for voice and data traffic. 2. Generate both simultaneously. 3. MeaCPEre latency and throughput. | G10: Voice traffic remains low latency; data traffic throughput is maintained without degradation. | H10: BTS & CPE | I10: Functional | J10: Pass
A11: 10 | C11: QoS_10 | E11: Ensure rate limits are consistently applied to prevent bandwidth abuse. | F11: 1. Apply rate limiting to specific traffic types. 2. Generate traffic exceeding limits. 3. Observe enforcement. | G11: Rate limiting is enforced, preventing traffic from exceeding configured thresholds. | H11: BTS & CPE | I11: Functional | J11: Pass
A12: 11 | C12: QoS_11 | E12: Confirm scheduling ensures high‑priority traffic is forwarded before lower classes. | F12: 1. Configure QoS with different priority levels. 2. Send multiple traffic streams. 3. Observe handling order. | G12: Higher priority traffic is transmitted first during contention. | H12: BTS & CPE | I12: Functional | J12: Pass
A13: 12 | C13: QoS_12 | E13: Verify QoS enforcement persists across Customer Premises Equipment under stress. | F13: 1. Monitor QoS performance during link degradation. 2. Simulate network isCPEes. 3. MeaCPEre traffic prioritization. | G13: QoS maintains prioritization, ensuring critical traffic quality during isCPEes. | H13: BTS & CPE | I13: Functional | J13: Pass
... A41: 40 | C41: QoS_40 | E41: Validate QoS performance metrics are consistent under high load. | F41: 1. Document QoS performance metrics during high load. 2. Generate traffic. 3. Review logs and stats. | G41: QoS maintains expected performance levels under load, with documented metrics. | H41: BTS & CPE | I41: Stress | J41: Pass

Sheet DCS
A1: S.No | B1: TRACEABILITY-ID | C1: TESTCASE-ID | D1: TEST SETUP | E1: TEST DESCRIPTION | F1: TEST STEPS | G1: EXPECTED RESULT | H1: TEST RUN DUT | I1: TEST TYPE | J1: RESULT | K1: DEFECT ID | L1: COMMENTS
A2: 1 | C2: DCS_01 | E2: To verify Enable / Disable DCS in GUI | F2: 1 – Login to BTS and CPE GUI 2 - Go to Wireless-->Radio 1 ->DCS 3 - Enable or Disable DCS | G2: Should able to enable/disable DCS in BTS only not in CPE GUI. | H2: BTS | I2: Configuration | J2: Pass
A3: 2 | C3: DCS_02 | E3: To verify DCS working scenario | F3: 1 - Login to BTS GUI 2 - Go to Wireless-->Radio 1 ->DCS 3 - Enable DCS in the BTS | G3: DCS feature should work only when enabling DCS on the BTS device | H3: BTS | I3: Validation | J3: Pass
A4: 3 | C4: DCS_03 | E4: To verify DCS RTX Threshold in GUI | F4: 1. Login to BTS GUI. 3. Go to Wireless --> Radio1 --> DDRS/ATPC 4. Configure MCS Index Selection as Auto, Configure the MCS Lower and Upper Range and save it. 5. Go to Wireless-->Radio 1 ->DCS -> Enable DCS Status. 6. Enter the RTX Threshold value | G4: Should able to configure RTX Threshold value | H4: BTS | I4: Configuration | J4: Pass
A5: 4 | C5: DCS_04 | E5: To Verify DCS Trigger in BTS due to RTX Threshold | F5: 1. Make a setup 2. Login to BTS GUI. 3. Go to Wireless-->Radio 1 ->DCS -> Enable DCS Status.--> Enter RTX Threshold value and save it. 6. Create RTX Interference towards BTS side till the Threshold value. 7. Check the RTX Threshold. | G5: 1. The RTX Threshold value should be increased 2. The DCS should be triggered once the RTX Threshold reached the configured value for a minute. | H5: BTS | I5: Functional | J5: Pass
A6: 5 | C6: DCS_05 | E6: To verify whether ACS can be enabled when DCS is enabled in GUI | F6: 1. Make a setup 2. Login to BTS GUI. 3. Go to Wireless-->Radio 1 ->DCS -> Enable DCS Status. 4. Go to Wireless-->Radio 1 5. Try to Enable ACS/ Configure Channel | G6: The ACS Option should not be shown in GUI once DCS is enabled | H6: BTS | I6: Functional | J6: Pass
A7: 6 | C7: DCS_06 | E7: To verify whether DCS is disabled by default in GUI | F7: 1. Make a P2MP setup 2. Login to BTS GUI. 3. Go to Wireless-->Radio 1 ->DCS | G7: DCS Status should not be enabled by default in GUI | H7: BTS | I7: Functional | J7: Pass
A8: 7 | C8: DCS_07 | E8: To verify best channel selection from 3 channels with Background Scan | F8: 1. Login to BTS GUI 2. Go to Wireless-->Radio 1-->DCS 3. Enable DCS and Background Scan 4. Set RTX Threshold value 5. Save configuration 6. Trigger DCS by increasing RTX 8. Check DCS trigger logs in wireless logs. 9. Verify which channel was selected | G8: 1. Spectrum scan should identify 3 best channels 2. Wireless logs should display all 3 channels with metrics 3. System should select the BEST channel out of 3 4. Link should remain stable during selection 5. Channel switch should occur seamlessly | H8: BTS | I8: Functional | J8: Fail
A9: 8 | C9: DCS_08 | E9: To configure and verify DCS Frequency Band Entries | F9: 1. Login to BTS GUI 2. Go to Wireless-->Radio 1-->DCS 3. Click "Add" button for frequency entries 4. Enter Start Frequency: 5180 MHz 5. Enter End Frequency: 5240 MHz 6. Click Add 7. Add second entry: 5260-5320 MHz 8. Add third entry: 5500-5580 MHz 9. Save configuration | G9: 1. Should be able to add frequency band entries 2. Maximum 3 entries should be allowed 3. All entries should be saved Successfully 4. DCS scan should only scan configured frequency ranges 5. Entries should be displayed in the table | H9: BTS | I9: Functional | J9: Fail
A10: 9 | C10: DCS_09 | E10: To verify DCS scan RESULTs in device logs | F10: 1. Login to BTS GUI 2. Enable DCS with Background Scan 3. Set RTX Threshold value 4. Save configuration 5. Trigger DCS by generating interference 6. Access device logs 7. Check for DCS scan RESULTs 8. Verify channel metrics in logs | G10: 1. Device logs should contain DCS trigger event 2. Logs should show scan initiation 3. Logs should display 3 best channels found 4. Each channel should show RTX/RSSI metrics 5. Logs should show final channel selection | H10: BTS | I10: Functional | J10: Pass
A11: 10 | C11: DCS_10 | E11: To verify DCS trigger with multiple CPEs connected | F11: 1. Setup PMP with 1 BTS and 3+ CPEs 2. EnCPEre all CPEs are connected and passing traffic 3. Login to BTS GUI 4. Enable DCS with Background Scan 5. Set RTX Threshold value 6. Save configuration 7. Generate interference to trigger DCS 8. Monitor all CPE connections 9. Verify traffic continuity | G11: 1. DCS should trigger on BTS 2. All CPEs should maintain connection (with Background Scan) 3. Traffic should continue without major interruption 4. All CPEs should follow BTS to new channel 5. No CPE should be disconnected | H11: BTS | I11: Functional | J11: Pass
A12: 11 | C12: DCS_11 | E12: To verify channel switch after DCS trigger with Background Scan | F12: 1. Login to BTS GUI 2. Note current operating channel 3. Enable DCS with Background Scan 4. Set RTX Threshold value 5. Save configuration 6. Trigger DCS 7. Monitor current channel 8. Verify channel change in GUI 9. Check device logs for channel switch event | G12: 1. DCS should identify better channel 2. System should switch to new channel 3. Channel change should be reflected in GUI 4. Device logs should show channel switch event 5. Link should remain stable during switch | H12: BTS | I12: Functional | J12: Pass
A13: 12 | C13: DCS_12 | E13: To verify DCS with maximum 3 frequency entries configured | F13: 1. Login to BTS GUI 2. Go to Wireless-->Radio 1-->DCS 3. Add 3 frequency band entries: - Entry 1: 5180-5240 MHz - Entry 2: 5260-5320 MHz - Entry 3: 5500-5580 MHz 4. Enable DCS with Background Scan 5. Set RTX Threshold 6. Save configuration 7. Trigger DCS 8. Verify scan RESULTs | G13: 1. All 3 frequency entries should be configured 2. DCS scan should cover all configured ranges 3. Best channels should be identified from all 3 bands 4. System should select best channel across all bands 5. Scan should not exceed configured frequency ranges | H13: BTS | I13: Functional | J13: Fail
... A19: 18 | C19: DCS_18 | E19: To verify frequency entry validation and limits | F19: 1. Login to BTS GUI 2. Go to Wireless-->Radio 1-->DCS 3. Try to add 4th frequency entry 4. Try to add entry with invalid range (Start > End) 5. Try to add entry with values > 10000 MHz 6. Try to add entry with negative values 7. Verify validation messages | G19: 1. System should NOT allow more than 3 entries 2. System should validate Start < End Frequency 3. System should validate range (0-10000) MHz 4. Appropriate error messages should be displayed 5. Invalid entries should be rejected | H19: BTS | I19: Negative | J19: Pass

Sheet DDRS
A1: S.No | B1: TRACEABILITY-ID | C1: TESTCASE-ID | D1: TEST SETUP | E1: TEST DESCRIPTION | F1: TEST STEPS | G1: EXPECTED RESULT | H1: TEST RUN DUT | I1: TEST TYPE | J1: RESULT | K1: DEFECT ID | L1: COMMENTS
A2: 1 | C2: DDRS_01 | E2: Basic DDRS function | F2: Associate BTS & CPE with DDRS enabled condition (with traffic) and check the operating data rate. | G2: It should show the BTS / CPE operating data rate & Log for the corresponding SNR / data rate. Check the operating data rate & log DDRS function should work without any change | H2: BTS & CPE | I2: Functional | J2: Pass
A3: 2 | C3: DDRS_02 | F3: Changing parameters (BTS & CPE) via webUI - Wireless Restart | H3: BTS & CPE | I3: Functional | J3: Pass
A4: 3 | C4: DDRS_03 | F4: Changing IP setting parameter (BTS & CPE) via webUI - Network restart | H4: BTS & CPE | I4: Functional | J4: Pass
A5: 4 | C5: DDRS_04 | F5: Duplex change in (BTS & CPE) - via webUI -Ethernet restart | H5: BTS & CPE | I5: Functional | J5: Pass
A6: 5 | C6: DDRS_05 | F6: Soft reboot (BTS & CPE) via webUI | H6: BTS & CPE | I6: Negative | J6: Pass
A7: 6 | C7: DDRS_06 | F7: Hard reboot (BTS & CPE) | H7: BTS & CPE | I7: Negative | J7: Pass
A8: 7 | C8: DDRS_07 | E8: DDRS function on low RSSI at BTS end as well as CPE end | F8: Reduce the Tx power or keep the CPE in closed box from BTS to create the LOW RSSI & check the Data rate variation due to Low RSSI. | G8: It should show the BTS / CPE operating data rate & Log for the corresponding SNR / data rate. Check the operating data rate & log DDRS function should work without any change | H8: BTS & CPE | I8: Functional | J8: Pass
A9: 8 | C9: DDRS_08 | F9: changing parameters (BTS & CPE) via webUI - Wireless Restart | H9: BTS & CPE | I9: Functional | J9: Pass
A10: 9 | C10: DDRS_09 | F10: Changing IP setting parameter (BTS & CPE) via webUI - Network restart | H10: BTS & CPE | I10: Functional | J10: Pass
A11: 10 | C11: DDRS_10 | F11: Duplex change in (BTS & CPE) - via webUI -Ethernet restart | H11: BTS & CPE | I11: Functional | J11: Pass
A12: 11 | C12: DDRS_11 | F12: Soft reboot (BTS & CPE) via webUI | H12: BTS & CPE | I12: Negative | J12: Pass
A13: 12 | C13: DDRS_12 | F13: Hard reboot (BTS & CPE) | H13: BTS & CPE | I13: Negative | J13: Pass
A14: 13 | C14: DDRS_13 | E14: DDRS function on Co-Channel/Adjuscent-channel interference | F14: Configure same channel / adjacent channel in Different BTS’s and check the Data rate variation due to channel interference. | G14: It should show the BTS / CPE operating data rate & Log for the corresponding SNR / data rate. Check the operating data rate & log DDRS function should work without any change | H14: BTS & CPE | I14: Functional | J14: Fail
A15: 14 | C15: DDRS_14 | F15: changing parameters (BTS & CPE) via webUI - Wireless Restart | H15: BTS & CPE | I15: Functional | J15: Pass
A16: 15 | C16: DDRS_15 | F16: Changing IP setting parameter (BTS & CPE) via webUI - Network restart | H16: BTS & CPE | I16: Functional | J16: Pass
A17: 16 | C17: DDRS_16 | F17: Duplex change in (BTS & CPE) - via webUI -Ethernet restart | H17: BTS & CPE | I17: Functional | J17: Pass
A18: 17 | C18: DDRS_17 | F18: Soft reboot (BTS & CPE) via webUI | H18: BTS & CPE | I18: Negative | J18: Pass
A19: 18 | C19: DDRS_18 | F19: Hard reboot (BTS & CPE) | H19: BTS & CPE | I19: Negative | J19: Pass
A20: 19 | C20: DDRS_19 | E20: BTS side DDRS enabled & CPE side Fixed data rate | F20: Configure BTS side DDRS and CPE side fixed data rate. Check the operating BTS & CPE data rate. This should check with low RSSi & channel interference scenario also. | G20: It should show the BTS / CPE operating data rate & Log for the corresponding SNR / data rate. Check the operating data rate & log DDRS function should work without any change, If link is there | H20: BTS & CPE | I20: Functional | J20: Pass
A21: 20 | C21: DDRS_20 | F21: Changing parameters (BTS & CPE) via webUI - Wireless Restart | H21: BTS & CPE | I21: Functional | J21: Pass
A22: 21 | C22: DDRS_21 | F22: Changing IP setting parameter (BTS & CPE) via webUI - Network restart | H22: BTS & CPE | I22: Functional | J22: Pass
A23: 22 | C23: DDRS_22 | F23: Duplex change in (BTS & CPE) - via webUI - Ethernet restart | H23: BTS & CPE | I23: Functional | J23: Pass
A24: 23 | C24: DDRS_23 | F24: Soft reboot (BTS & CPE) via webUI | H24: BTS & CPE | I24: Negative | J24: Pass
A25: 24 | C25: DDRS_24 | F25: Hard reboot (BTS & CPE) | H25: BTS & CPE | I25: Negative | J25: Pass
A26: 25 | C26: DDRS_25 | E26: BTS side Fixed data rate & CPE side DDRS enabled | F26: Configure BTS side Fixed data Rate and CPE side DDRS. Check the operating BTS & CPE data rate. This should check with low RSSi & channel interference scenario also. | G26: It should show the BTS / CPE operating data rate & Log for the corresponding SNR / data rate. Check the operating data rate & log DDRS function should work without any change, If link is there | H26: BTS & CPE | I26: Functional | J26: Pass
A27: 26 | C27: DDRS_26 | F27: Changing parameters (BTS & CPE) via webUI - Wireless Restart | H27: BTS & CPE | I27: Functional | J27: Pass
A28: 27 | C28: DDRS_27 | F28: Changing IP setting parameter (BTS & CPE) via webUI - Network restart | H28: BTS & CPE | I28: Functional | J28: Pass
A29: 28 | C29: DDRS_28 | F29: Duplex change in (BTS & CPE) - via webUI -Ethernet restart | H29: BTS & CPE | I29: Functional | J29: Pass
A30: 29 | C30: DDRS_29 | F30: Soft reboot (BTS & CPE) via webUI | H30: BTS & CPE | I30: Negative | J30: Pass
A31: 30 | C31: DDRS_30 | F31: Hard reboot (BTS & CPE) | H31: BTS & CPE | I31: Negative | J31: Pass
A32: 31 | C32: DDRS_31 | E32: Basic Throughput, PPS, Latency & stability in P2MP setup | H32: BTS & CPE | I32: Functional | J32: Pass
A33: 32 | C33: DDRS_32 | E33: Basic DDRS function in P2MP set up | F33: Associate (BTS & CPE) with DDRS enabled condition (with traffic) and check the operating data rate. | G33: It should show the BTS / CPE operating data rate & Log for the corresponding SNR / data rate. Check the operating data rate & log DDRS function should work without any change, If link is there | H33: BTS & CPE | I33: Functional | J33: Pass
A34: 33 | C34: DDRS_33 | F34: changing parameters (BTS & CPE) via webUI - Wireless Restart | H34: BTS & CPE | I34: Functional | J34: Pass
A35: 34 | C35: DDRS_34 | F35: Changing IP setting parameter (BTS & CPE) via webUI - Network restart | H35: BTS & CPE | I35: Functional | J35: Pass
A36: 35 | C36: DDRS_35 | F36: Duplex change in (BTS & CPE) - via webUI -Ethernet restart | H36: BTS & CPE | I36: Functional | J36: Pass
A37: 36 | C37: DDRS_36 | F37: Soft reboot (BTS & CPE) via webUI | H37: BTS & CPE | I37: Negative | J37: Pass
A38: 37 | C38: DDRS_37 | F38: Hard reboot (BTS & CPE) | H38: BTS & CPE | I38: Negative | J38: Pass
A39: 38 | C39: DDRS_38 | E39: DDRS function on Channel interference in P2MP set up | F39: configure same channel / adjacent channel in Different BTS’s and check the Data rate variation due to channel interference. | G39: It should show the BTS / CPE operating data rate & Log for the corresponding SNR / data rate. Check the operating data rate & log DDRS function should work without any change, If link is there | H39: BTS & CPE | I39: Functional | J39: Fail | L39: DDRS, Data Rate Decrement is happening only upto 2/3 Data Rates only if the RTx reaching it's threshold values
A40: 39 | C40: DDRS_39 | F40: changing parameters (BTS & CPE) via webUI - Wireless Restart | H40: BTS & CPE | I40: Functional | J40: Pass
A41: 40 | C41: DDRS_40 | F41: Changing IP setting parameter (BTS & CPE) via webUI - Network restart | H41: BTS & CPE | I41: Functional | J41: Pass
A42: 41 | C42: DDRS_41 | F42: Duplex change in (BTS & CPE) - via webUI -Ethernet restart | H42: BTS & CPE | I42: Functional | J42: Pass
A43: 42 | C43: DDRS_42 | F43: Soft reboot (BTS & CPE) via webUI | H43: BTS & CPE | I43: Negative | J43: Pass
A44: 43 | C44: DDRS_43 | F44: Hard reboot (BTS & CPE) | H44: BTS & CPE | I44: Negative | J44: Pass
A45: 44 | C45: DDRS_44 | E45: DDRS function on Channel interference nearby BTS & nearby some of CPE in P2MP set up | F45: configure same channel / adjacent channel in Different BTS’s and check the Data rate variation due to channel interference. | G45: It should show the BTS / CPE operating data rate & Log for the corresponding SNR / data rate. Check the operating data rate & log DDRS function should work without any change, If link is there | H45: BTS & CPE | I45: Functional | J45: Fail | L45: DDRS, Data Rate Decrement is happening only upto 2/3 Data Rates only if the RTx reaching it's threshold values
A46: 45 | C46: DDRS_45 | F46: changing parameters (BTS & CPE) via webUI - Wireless Restart | H46: BTS & CPE | I46: Functional | J46: Pass
A47: 46 | C47: DDRS_46 | F47: Changing IP setting parameter (BTS & CPE) via webUI - Network restart | H47: BTS & CPE | I47: Functional | J47: Pass
A48: 47 | C48: DDRS_47 | F48: Duplex change in (BTS & CPE) - via webUI -Ethernet restart | H48: BTS & CPE | I48: Functional | J48: Pass
A49: 48 | C49: DDRS_48 | F49: Soft reboot (BTS & CPE) via webUI | H49: BTS & CPE | I49: Negative | J49: Pass
A50: 49 | C50: DDRS_49 | F50: Hard reboot (BTS & CPE) | H50: BTS & CPE | I50: Negative | J50: Pass
A51: 50 | C51: DDRS_50 | E51: BTS side DDRS enabled & CPE side Fixed data rate in P2MP set up | F51: Configure BTS side DDRS and CPE side fixed data rate. Check the operating BTS & CPE data rate. This should check with low RSSi & channel interference scenario also. | G51: It should show the BTS / CPE operating data rate & Log for the corresponding SNR / data rate. Check the operating data rate & log DDRS function should work without any change, If link is there | H51: BTS & CPE | I51: Functional | J51: Fail | L51: After configuring Fixed Data Rates also, the DDRS Rate increase & Decrease logs are coming.
A52: 51 | C52: DDRS_51 | F52: changing parameters (BTS & CPE) via webUI - Wireless Restart | H52: BTS & CPE | I52: Functional | J52: Pass
A53: 52 | C53: DDRS_52 | F53: Changing IP setting parameter (BTS & CPE) via webUI - Network restart | H53: BTS & CPE | I53: Functional | J53: Pass
A54: 53 | C54: DDRS_53 | F54: Duplex change in (BTS & CPE) - via webUI -Ethernet restart | H54: BTS & CPE | I54: Functional | J54: Pass
A55: 54 | C55: DDRS_54 | F55: Soft reboot (BTS & CPE) via webUI | H55: BTS & CPE | I55: Negative | J55: Pass
A56: 55 | C56: DDRS_55 | F56: Hard reboot (BTS & CPE) | H56: BTS & CPE | I56: Negative | J56: Pass
A57: 56 | C57: DDRS_56 | E57: BTS side Fixed data rate & CPE side DDRS enabled in P2MP set up | F57: Configure BTS side Fixed data Rate and CPE side DDRS. Check the operating BTS & CPE data rate. This should check with low RSSi & channel interference scenario also. | G57: It should show the BTS / CPE operating data rate & Log for the corresponding SNR / data rate. Check the operating data rate & log DDRS function should work without any change, If link is there | H57: BTS & CPE | I57: Functional | J57: Fail | L57: After configuring Fixed Data Rates also, the DDRS Rate increase & Decrease logs are coming.
A58: 57 | C58: DDRS_57 | F58: changing parameters (BTS & CPE) via webUI - Wireless Restart | H58: BTS & CPE | I58: Functional | J58: Pass
A59: 58 | C59: DDRS_58 | F59: Changing IP setting parameter (BTS & CPE) via webUI - Network restart | H59: BTS & CPE | I59: Functional | J59: Pass
A60: 59 | C60: DDRS_59 | F60: Duplex change in (BTS & CPE) - via webUI -Ethernet restart | H60: BTS & CPE | I60: Functional | J60: Pass
A61: 60 | C61: DDRS_60 | F61: Soft reboot (BTS & CPE) via webUI | H61: BTS & CPE | I61: Negative | J61: Pass
A62: 61 | C62: DDRS_61 | F62: Hard reboot (BTS & CPE) | H62: BTS & CPE | I62: Negative | J62: Pass
A63: 62 | C63: DDRS_62 | E63: DDRS with Different MCS Rate Ranges Verify DDRS operation across different MCS configurations | F63: 1.Configure Max Data Rate - Single Stream to MCS0 (lowest) 2.Configure Max Data Rate - Single Stream to MCS11 (highest) 3.Configure Max Data Rate - Dual Stream to MCS11 4.Test DDRS adaptation across full MCS range 5.Verify smooth transition between MCS levels | G63: DDRS should work across all MCS configurations Rate adaptation should be smooth without link drops Should not exceed configured maximum MCS | H63: BTS & CPE | I63: Functional | J63: Fail
A64: 63 | C64: DDRS_63 | E64: Verify DDRS configuration persists after reboot | F64: 1.Enable DDRS and configure custom thresholds 2.Perform soft reboot on BTS and CPE 3.Verify DDRS settings after reboot 4.Perform hard reboot (power cycle) 5.Verify DDRS settings after hard reboot 6.Check if DDRS resumes operation automatically | G64: DDRS configuration should persist after both reboot types DDRS should automatically resume operation after reboot Operating data rates should be logged post-reboot | H64: BTS & CPE | I64: Functional | J64: Not Available | L64: DDRS Custom Threshold configuration is not Available
A65: 64 | C65: DDRS_64 | E65: Verify DDRS operates independently for each CPE in P2MP | F65: 1.Connect 8 CPEs to single BTS at varying distances 2.Enable DDRS on BTS and all CPEs 3.Move one CPE to create RSSI change 4.Verify only that CPE's rate changes, others remain stable 5.Test with multiple CPEs moving simultaneously | G65: Each CPE should adapt independently One CPE's rate change should not affect others BTS should handle multiple independent rate adaptations | H65: BTS & CPE | I65: Functional | J65: Pass
A66: 65 | C66: DDRS_65 | E66: Measure DDRS impact on throughput and latency | F66: 1.Run throughput test with DDRS enabled 2.Run throughput test with DDRS disabled (fixed max rate) 3.Compare throughput, latency, jitter 4.Measure CPU utilization with DDRS enabled/disabled 5.Test during rate adaptation events | G66: DDRS should improve overall throughput in varying conditions Minimal CPU overhead from DDRS operation Latency should remain acceptable during adaptations | H66: BTS & CPE | I66: Functional | J66: Pass
A67: 66 | C67: DDRS_66 | E67: Verify DDRS with different spatial stream configurations | F67: 1.Configure Spatial Stream to "Auto" 2.Configure Spatial Stream to fixed value (single,dual) 3.Test DDRS adaptation with each configuration | G67: DDRS should work with all spatial stream modes Should adapt based on available spatial streams | H67: BTS & CPE | I67: Functional | J67: Pass
A68: 67 | C68: DDRS_67 | E68: DDRS Long-Duration Stability Verify DDRS stability over extended period | F68: 1.Enable DDRS with continuous traffic 2.Run test for 48 hours 3.Monitor for memory leaks, crashes 4.Log all rate changes 5.Check system resources (memory, CPU) | G68: No crashes or memory leaks DDRS should continue operating throughout test Rate adaptations should remain appropriate System resources should remain stable | H68: BTS & CPE | I68: Functional | J68: Pass
A69: 68 | C69: DDRS_68 | E69: Verify DDRS increases data rate when signal conditions are good | F69: 1.Enable DDRS on BTS and CPE 2.Set Incr. RTX Threshold = 30% 3.Set Decr. RTX Threshold = 35% 4.Place CPE close to BTS (good signal) 5.Run traffic and wait 2 minutes 6.Verify: Data rate increases gradually to maximum | G69: Rate increases when RTX < 30% and SNR is good | H69: BTS & CPE | I69: Functional | J69: Not Available
A70: 69 | C70: DDRS_69 | E70: Verify DDRS decreases data rate when signal conditions are poor | F70: 1.Enable DDRS on BTS and CPE 2.Set Incr. RTX Threshold = 30% 3.Set Decr. RTX Threshold = 35% 4.Place CPE close to BTS and wait until rate reaches maximum 5.Move CPE far from BTS (poor signal) or add interference 6.Verify: Data rate decreases quickly | G70: Rate decreases immediately when RTX > 35% or SNR is low | H70: BTS & CPE | I70: Functional | J70: Not Available
A71: 70 | C71: DDRS_70 | E71: Verify system rejects invalid DDRS threshold values | F71: 1.Enable DDRS on BTS and CPE 2.Try setting Incr. RTX Threshold = 150% 3.Verify: System rejects (above 100%) 4.Try setting Decr. RTX Threshold = -10% 5.Verify: System rejects (below 0%) | G71: All invalid values are rejected with error message | H71: BTS & CPE | I71: Negative | J71: Not Available
A72: 71 | C72: DDRS_71 | E72: Verify DDRS resets to minimum rate after link reconnection | F72: 1.Enable DDRS on BTS and CPE 2.Wait until data rate reaches maximum 3.Note the current data rate 4.soft disconnect the link 5.Observe the initial data rate 6.Verify: Data rate starts from minimum (MCS0/lowest) 7.Wait 2-3 minutes 8.Verify: Data rate increases gradually to optimal level | G72: After reconnection, data rate starts from minimum (not previous rate) DDRS algorithm restarts from beginning Rate increases gradually based on SNR and RTX conditions | H72: BTS & CPE | I72: Functional | J72: Pass

Sheet OFDMA
A1: S.No | B1: TRACEABILITY-ID | C1: TESTCASE-ID | D1: TEST SETUP | E1: TEST DESCRIPTION | F1: TEST STEPS | G1: EXPECTED RESULT | H1: TEST RUN DUT | I1: TEST TYPE | J1: RESULT | K1: DEFECT ID | L1: COMMENTS
A2: 1 | C2: OFDMA_01 | E2: UL OFDMA Basic Functionality | F2: Connect 2 CPEs, initiate simultaneous uplink traffic from CPEs to BTS | G2: Both CPEs receive parallel subcarriers; uplink throughput improves | H2: BTS | I2: Functional | J2: Not Available | L2: Feature is not part of this release
A3: 2 | C3: OFDMA_02 | E3: DL OFDMA Basic Functionality | F3: Connect 2 CPEs, initiate simultaneous downlink traffic from BTS to CPEs | G3: Both CPEs receive parallel subcarriers; downlink throughput improves | H3: BTS | I3: Functional | J3: Not Available | L3: Feature is not part of this release
A4: 3 | C4: OFDMA_03 | E4: UL OFDMA with 4 CPEs | F4: Connect 4 CPEs, initiate uplink traffic from CPEs to BTS | G4: All 4 CPEs served concurrently; fair resource allocation | H4: BTS | I4: Functional | J4: Not Available | L4: Feature is not part of this release
A5: 4 | C5: OFDMA_04 | E5: DL OFDMA with 4 CPEs | F5: Connect 4 CPEs, initiate downlink traffic from BTS to CPEs | G5: All 4 CPEs served concurrently; fair resource allocation | H5: BTS | I5: Functional | J5: Not Available | L5: Feature is not part of this release
A6: 5 | C6: OFDMA_05 | E6: UL OFDMA Idle CPE | F6: Keep one CPE idle while others active | G6: Idle CPE does not consume subcarriers; active CPEs unaffected | H6: BTS | I6: Functional | J6: Not Available | L6: Feature is not part of this release
A7: 6 | C7: OFDMA_06 | E7: DL OFDMA Idle CPE | F7: Keep one CPE idle while others active | G7: Idle CPE does not consume subcarriers; active CPEs unaffected | H7: BTS | I7: Functional | J7: Not Available | L7: Feature is not part of this release
A8: 7 | C8: OFDMA_07 | E8: UL OFDMA Mixed Traffic Types | F8: Run uplink voice traffic on one CPE, data traffic on another | G8: Scheduler allocates subcarriers per QoS; both traffic types served correctly | H8: BTS | I8: Functional | J8: Not Available | L8: Feature is not part of this release
A9: 8 | C9: OFDMA_08 | E9: DL OFDMA Mixed Traffic Types | F9: Run downlink voice traffic on one CPE, data traffic on another | G9: Scheduler allocates subcarriers per QoS; both traffic types served correctly | H9: BTS | I9: Functional | J9: Not Available | L9: Feature is not part of this release
A10: 9 | C10: OFDMA_09 | E10: UL OFDMA Throughput Validation | F10: Measure aggregate uplink throughput with specified CPEs; traffic from CPEs to BTS | G10: Aggregate uplink throughput higher than baseline OFDM | H10: BTS | I10: Functional | J10: Not Available | L10: Feature is not part of this release
A11: 10 | C11: OFDMA_10 | E11: DL OFDMA Throughput Validation | F11: Measure aggregate downlink throughput with specified CPEs; traffic from BTS to CPEs | G11: Aggregate downlink throughput higher than baseline OFDM | H11: BTS | I11: Functional | J11: Not Available | L11: Feature is not part of this release
A12: 11 | C12: OFDMA_11 | E12: UL OFDMA Latency Validation | F12: Measure uplink latency across multiple CPEs; traffic from CPEs to BTS | G12: Latency remains within acceptable limits; no spikes | H12: BTS | I12: Functional | J12: Not Available | L12: Feature is not part of this release
A13: 12 | C13: OFDMA_12 | E13: DL OFDMA Latency Validation | F13: Measure downlink latency across multiple CPEs; traffic from BTS to CPEs | G13: Latency remains within acceptable limits; no spikes | H13: BTS | I13: Functional | J13: Not Available | L13: Feature is not part of this release
... A45: 44 | C45: OFDMA_44 | E45: DL OFDMA Disable - Throughput, Latency and Packet Loss Validation | F45: 1. Configure 1 BTS and 4 CPEs in 1:4 ratio 2. Disable DL OFDMA on BTS and CPEs 3. Run bidirectional traffic (80/20 DL/UL ratio) for 3 iterations 4. Record total throughput, DL/UL Rx, packet loss, frame loss %, and latency (min/avg/max) | G45: DL OFDMA disabled; throughput, latency and packet loss within acceptable limits | H45: BTS | I45: Functional | J45: Not Available | L45: Feature is not part of this release

Sheet MU-MIMO
A1: S.No | B1: TRACEABILITY-ID | C1: TESTCASE-ID | D1: TEST SETUP | E1: TEST DESCRIPTION | F1: TEST STEPS | G1: EXPECTED RESULT | H1: TEST RUN DUT | I1: TEST TYPE | J1: RESULT | K1: DEFECT ID | L1: COMMENTS
A2: 1 | C2: MIMO_01 | E2: MU‑MIMO Basic Functionality | F2: Connect 2 CPEs simultaneously, initiate traffic | G2: Both CPEs receive parallel streams; throughput improves | H2: BTS & CPE | I2: Functional | J2: Not Available | L2: Feature is not part of this release
A3: 2 | C3: MIMO_02 | E3: MU‑MIMO with 4 CPEs | F3: Connect 4 CPEs, initiate traffic | G3: All 4 CPEs served concurrently; fair throughput distribution | H3: BTS & CPE | I3: Functional | J3: Not Available | L3: Feature is not part of this release
A4: 3 | C4: MIMO_03 | E4: MU‑MIMO Idle CPE | F4: Keep one CPE idle while others active | G4: Idle CPE does not consume resources; active CPEs unaffected | H4: BTS & CPE | I4: Functional | J4: Not Available | L4: Feature is not part of this release
A5: 4 | C5: MIMO_04 | E5: MU‑MIMO with Legacy CPE | F5: Connect 1 MU‑MIMO capable and 1 legacy SU‑MIMO CPE | G5: Legacy CPE served sequentially; MU‑MIMO CPE served in parallel | H5: BTS & CPE | I5: Functional | J5: Not Available | L5: Feature is not part of this release
A6: 5 | C6: MIMO_05 | E6: MU‑MIMO Throughput Validation | F6: Measure aggregate throughput with 4 CPEs | G6: Aggregate throughput higher than SU‑MIMO baseline | H6: BTS & CPE | I6: Functional | J6: Not Available | L6: Feature is not part of this release
A7: 6 | C7: MIMO_06 | E7: MU‑MIMO Latency Validation | F7: Measure latency across 4 CPEs | G7: Latency remains within acceptable limits; no spikes | H7: BTS & CPE | I7: Functional | J7: Not Available | L7: Feature is not part of this release
A8: 7 | C8: MIMO_07 | E8: MU‑MIMO Fairness | F8: Run traffic with unequal loads across CPEs | G8: Scheduler ensures fair distribution; no starvation | H8: BTS & CPE | I8: Functional | J8: Not Available | L8: Feature is not part of this release
A9: 8 | C9: MIMO_08 | E9: MU‑MIMO Under High Load | F9: Generate heavy traffic from all CPEs | G9: System maintains stability; throughput scales | H9: BTS & CPE | I9: Stress | J9: Not Available | L9: Feature is not part of this release
A10: 9 | C10: MIMO_09 | E10: MU‑MIMO with Mobility | F10: Move one CPE during traffic | G10: Handover seamless; MU‑MIMO continues without drop | H10: BTS & CPE | I10: Functional | J10: Not Available | L10: Feature is not part of this release
A11: 10 | C11: MIMO_10 | E11: MU‑MIMO with Interference | F11: Introduce external interference | G11: MU‑MIMO adapts; throughput degrades gracefully | H11: BTS & CPE | I11: Functional | J11: Not Available | L11: Feature is not part of this release
A12: 11 | C12: MIMO_11 | E12: MU‑MIMO with VLAN Segmentation | F12: Assign CPEs to different VLANs | G12: MU‑MIMO streams isolated per VLAN; no leakage | H12: BTS & CPE | I12: Functional | J12: Not Available | L12: Feature is not part of this release
A13: 12 | C13: MIMO_12 | E13: MU‑MIMO Security Validation | F13: Connect CPEs with WPA2/WPA3 | G13: MU‑MIMO streams encrypted; no cross‑CPE leakage | H13: BTS & CPE | I13: Functional | J13: Not Available | L13: Feature is not part of this release
... A20: 19 | C20: MIMO_19 | E20: MU‑MIMO Monitoring | F20: Capture logs during MU‑MIMO traffic | G20: Logs show correct stream mapping, CPE IDs, timestamps | H20: BTS & CPE | I20: Functional | J20: Not Available | L20: Feature is not part of this release

Sheet Spectrum Analyser & Site Survey
A1: S.No | B1: TRACEABILITY-ID | C1: TESTCASE-ID | D1: TEST SETUP | E1: TEST DESCRIPTION | F1: TEST STEPS | G1: EXPECTED RESULT | H1: TEST RUN DUT | I1: TEST TYPE | J1: RESULT | K1: DEFECT ID | L1: COMMENTS
A2: 1 | C2: SPECT_ANALYZER_01 | E2: Verify Spectrum Analyzer UI Elements | F2: On BTS/CPE, Go to Monitor > Tools > Spectrum Analyzer | G2: Verify presence of Radio selection, "Start" button, "Best Channels" text, and all graph/table sections. | H2: BTS & CPE | I2: Functional | J2: Pass | L2: Best Channel is removed in this build
A3: 2 | C3: SPECT_ANALYZER_02 | E3: Verify Scan Start & Logging | F3: Go to Spectrum Analyzer > Click "Start" | G3: Scan initializes. Start logs are generated under System Logs. | H3: BTS & CPE | I3: Functional | J3: Pass
A4: 3 | C4: SPECT_ANALYZER_03 | E4: Verify Link Stability (Strict) | F4: Start a scan on an active BTS-CPE link. | G4: Wireless link must NOT disconnect or drop while the analyzer is running. | H4: BTS & CPE | I4: Functional | J4: Pass
A5: 4 | C5: SPECT_ANALYZER_04 | E5: Verify Interference Spectrum Graph | F5: Observe the Interference Spectrum graph during/after scan. | G5: Graph accurately plots Power (dBm) vs Frequency (MHz) showing Min, Avg, and Max levels. | H5: BTS & CPE | I5: Functional | J5: Pass
A6: 5 | C6: SPECT_ANALYZER_05 | E6: Verify SINR Plot | F6: Observe the SINR plot. | G6: Plot displays dBm vs Frequency with distinct color-coded levels for SINR from Max Interference. | H6: BTS & CPE | I6: Functional | J6: Pass
A7: 6 | C7: SPECT_ANALYZER_06 | E7: Verify Interference Spectrum Table | F7: Check the Interference Spectrum data table. | G7: Data displays correctly with columns: Index, Channel, Frequency, Power Min/Avg/Max, and SINR. | H7: BTS & CPE | I7: Functional | J7: Pass
A8: 7 | C8: SPECT_ANALYZER_07 | E8: Verify Wi-Fi Channel Analyzer Graph | F8: Check the Wi-Fi Channel Analyzer graph. | G8: Graph visually represents nearby APs, signal strength, and bandwidth spreads (e.g., 40MHz, 80MHz curves). | H8: BTS & CPE | I8: Functional | J8: Fail | L8: Wi-Fi analyzer Is not scanning in 80MHz and 40MHz frequncy Bandwidth, the scanning is 20 MHz
A9: 8 | C9: SPECT_ANALYZER_08 | E9: Verify Wi-Fi Channel Analyzer Table | F9: Check the Wi-Fi Channel Analyzer table. | G9: Table lists APs with MAC, Channel, Freq, RSSI, Security, and Bandwidth. Displays [ hidden ] for hidden SSIDs. | H9: BTS & CPE | I9: Functional | J9: Fail | L9: Wi-Fi analyzer Is not scanning in 80MHz and 40MHz frequncy Bandwidth, the scanning is 20 MHz
A10: 9 | C10: SPECT_ANALYZER_09 | E10: Verify Results Download | F10: Click the download icons on both data tables. | G10: Results download to PC in CSV/TXT format matching the UI data exactly. | H10: BTS & CPE | I10: Functional | J10: Pass
A11: 10 | C11: SPECT_ANALYZER_10 | E11: Verify Persistence Across Reboot | F11: 1. Run scan. 2. Reboot device. 3. Return to Spectrum Analyzer. | G11: Previously generated graphs and table results must remain intact and not erase. | H11: BTS & CPE | I11: Functional | J11: Pass
A12: 11 | C12: SPECT_ANALYZER_11 | E12: Verify UI Filtering (Type/RSSI) | F12: Apply "Type" and "RSSI" filters in the Wi-Fi Channel Analyzer. | G12: Table and graph update instantly to reflect only the filtered networks. | H12: BTS & CPE | I12: Validation | J12: Not Available
A13: 12 | C13: SPECT_ANALYZER_12 | E13: Verify Scan Mid-Way Stop | F13: Click "Stop" (if available) or navigate away while scanning. | G13: Scan process halts instantly without locking up the UI or device. | H13: BTS & CPE | I13: Edge/Func | J13: Pass
A14: 13 | C14: SPECT_ANALYZER_13 | E14: Verify Noise Floor Measurement | F14: Review the Power Min metrics in the table and graph. | G14: Noise floor is measured and displayed accurately across frequencies. | H14: BTS & CPE | I14: Functional | J14: Pass
A15: 14 | C15: SPECT_ANALYZER_14 | E15: Validate External Interference | F15: Run scan while introducing an external interference source. | G15: Interference peaks are accurately detected and highlighted in the Max Power and SINR plots. | H15: BTS & CPE | I15: Edge/Func | J15: Pass
A16: 15 | C16: SPECT_ANALYZER_15 | E16: Verify Idle Performance | F16: Run scan with the device completely idle. | G16: Scanning introduces no noticeable CPU/Memory spikes or UI lag. | H16: BTS & CPE | I16: Performance | J16: Pass
A17: 16 | C17: SPECT_ANALYZER_16 | E17: Verify Under Load Performance | F17: Run scan while passing maximum traffic (e.g., iPerf) across the link. | G17: Performance overhead is negligible; traffic throughput is not severely impacted. | H17: BTS & CPE | I17: Performance | J17: Pass
A18: 17 | C18: SPECT_ANALYZER_17 | E18: Verify Multi-CPE Handling | F18: Run scan on a BTS with multiple CPEs connected. | G18: Scan completes successfully without dropping any CPE connections. | H18: BTS & CPE | I18: Edge/Func | J18: Pass
A19: 18 | C19: SPECT_ANALYZER_18 | E19: Verify Remote Management Scan | F19: Execute scan via a remote management interface/VLAN. | G19: Remote session remains stable; results are retrieved successfully. | H19: BTS & CPE | I19: Edge/Func | J19: Pass
A20: 19 | C20: SPECT_ANALYZER_19 | E20: Verify Concurrent Admin Sessions | F20: Admin 1 and Admin 2 log in simultaneously and view the scan page. | G20: Both screens sync correctly; initiating a scan from one updates or locks the other gracefully. | H20: BTS & CPE | I20: Edge/UI | J20: Pass
A21: 20 | C21: SPECT_ANALYZER_20 | E21: Verify Page Refresh Behavior | F21: Press F5 / Refresh browser while a scan is actively running. | G21: UI recovers gracefully, showing either the ongoing scan state or the last known results without errors. | H21: BTS & CPE | I21: Edge/UI | J21: Pass
... A27: 26 | C27: SPECT_ANALYZER_26 | E27: Verify Empty State / No APs | F27: Run scan in a completely isolated RF chamber (no external APs). | G27: UI handles empty data gracefully (e.g., blank graphs or "No APs found" text) without throwing code errors. | H27: BTS & CPE | I27: Edge/Valid | J27: Pass

Sheet IPv4 & IPv6
A1: S.No | B1: TRACEABILITY-ID | C1: TESTCASE-ID | D1: TEST SETUP | E1: TEST DESCRIPTION | F1: TEST STEPS | G1: EXPECTED RESULT | H1: TEST RUN DUT | I1: TEST TYPE | J1: RESULT | K1: DEFECT ID | L1: COMMENTS
A2: 1 | C2: IP_01 | E2: Static IPv4 Configuration | F2: 1. Login to CLI/GUI 2. Configure IP address, Subnet mask, gateway 3. Apply & save configuration 4. Verify using ip a / ifconfig 5. Ping from another device | G2: 1. IPv4 address assigned correctly 2. Device reachable via configured IP 3. No duplicate/conflict | H2: BTS & CPE | I2: Functional | J2: Pass
A3: 2 | C3: IP_02 | E3: IPv4 Ping (Local) | F3: 1. Identify local interface IP 2. Run ping <local-ip> 3. Access Web UI using browser 4. Repeat multiple times | G3: 1. Ping Successful with 0% packet loss 2. Stable latency 3. Web UI accessible without delay | H3: BTS & CPE | I3: Functional | J3: Pass
A4: 3 | C4: IP_03 | E4: IPv4 Ping (Remote) | F4: 1. Configure remote device IP 2. Run ping <remote-ip> 3. Access remote Web UI 4. Verify bidirectional ping | G4: 1. Ping Successful with 0% packet loss 2. Stable latency 3. Web UI accessible without delay | H4: BTS & CPE | I4: Functional | J4: Pass
A5: 4 | C5: IP_04 | E5: IPv4 Gateway Reachability | F5: 1. Configure gateway IP 2. Run ping <gateway-ip> 3. Run traceroute <gateway-ip> | G5: 1. Gateway reachable 2. Correct routing path 3. No packet loss | H5: BTS & CPE | I5: Functional | J5: Pass
A6: 5 | C6: IP_05 | E6: IPv4 Throughput | F6: 1. Start iperf3 -s on server 2. Run iperf3 -c <server-ip> 3. Test both directions (-R) 4. Run multiple sessions | G6: 1. Throughput meets expected bandwidth 2. No abnormal drops 3. Stable performance | H6: BTS & CPE | I6: Validation | J6: Pass
A7: 6 | C7: IP_06 | E7: IPv4 Long Ping | F7: 1. Run ping <remote-ip> -c 1000 2. Monitor latency variation 3. Check packet loss statistics | G7: 1. Stable latency 0% (or minimal) packet loss | H7: BTS & CPE | I7: Validation | J7: Pass
A8: 7 | C8: IP_07 | E8: IPv4 MTU Change | F8: 1. Change MTU (e.g., 1500 → 1400) 2. Send traffic (ping -s, iperf3) 3. Verify with DF flag (ping -M do) | G8: 1. No packet drop Proper MTU handling 2. No fragmentation isCPEes | H8: BTS & CPE | I8: Validation | J8: Pass
A9: 8 | C9: IP_08 | E9: IPv4 Fragmentation | F9: 1. Send large packets (ping -s 2000) 2. Capture packets (tcpdump if needed) | G9: 1. Packets fragmented correctly 2. No packet loss | H9: BTS & CPE | I9: Validation | J9: Pass
A10: 9 | C10: IP_09 | E10: Soft Reboot with IPv4 | F10: 1. Configure IPv4 2. Save config 3. Reboot via CLI (reboot) or GUI 4. Monitor boot time 5. Ping after boot | G10: 1. IPv4 config retained 2. Device reachable automatically 3. Downtime within expected limit | H10: BTS & CPE | I10: Negative | J10: Pass
A11: 10 | C11: IP_10 | E11: Hard Reboot with IPv4 | F11: 1. Configure IPv4 2. Power OFF device 3. Wait 30 seconds 4. Power ON 5. Verify connectivity | G11: 1. IPv4 config retained 2. Device reachable 3. No config corruption | H11: BTS & CPE | I11: Negative | J11: Pass
A12: 11 | C12: IP_11 | E12: Soft Reset | F12: 1. Configure IPv4 2. Run /etc/init.d/network reload 3. Monitor interface restart 4. Ping device | G12: 1. IPv4 retained 2. Interface restored Minimal disruption | H12: BTS & CPE | I12: Negative | J12: Pass
A13: 12 | C13: IP_12 | E13: Reset with Retain Config | F13: 1. Configure IPv4 2. Perform reset with retain option 3. Re-login after reboot 4. Verify IP | G13: 1. IPv4 config preserved 2. Device reachable without reconfiguration | H13: BTS & CPE | I13: Negative | J13: Pass
... A50: 49 | C50: IP_49 | E50: Validate DAD with rapid assignment | F50: Assign IPv6 addresses quickly to multiple CPEs | G50: No duplicates allowed; system rejects conflicting address | H50: BTS & CPE | I50: Functional | J50: Pass

Sheet DHCPv4 & DHCPv6
A1: S.No | B1: TRACEABILITY-ID | C1: TESTCASE-ID | D1: TEST SETUP | E1: TEST DESCRIPTION | F1: TEST STEPS | G1: EXPECTED RESULT | H1: TEST RUN DUT | I1: TEST TYPE | J1: RESULT | K1: DEFECT ID | L1: COMMENTS
A2: 1 | C2: DHCP_01 | E2: DHCPv4 Basic IP Assignment | F2: 1.Enable DHCP server on BTS 2.Configure lease time = 500 sec 3.Connect CPE to BTS 4.Enable DHCP client on CPE 5.Verify IP assignment | G2: 1.CPE receives IPv4 address from BTS pool 2.Subnet mask, gateway correctly 3.Lease time = 500 sec | H2: BTS & CPE | I2: Functional | J2: Pass | L2: Test Setup : 1. BTS: DHCPv4 Enabled 2. BTS : Connected to Router (default forwarding behavior) 3. CPE : Connected over-the-air to BTS 4. Traffic Path: BTS ⇄ CPE 5. Roles: BTS → Static IP & DHCP Server CPE → DHCP Client (data)
A3: 2 | C3: DHCP_02 | E3: DHCPv4 Lease Renewal | F3: 1.Wait until lease reaches renewal time (T1) 2.Monitor DHCP traffic 3.Verify IP after renewal | G3: 1.Lease renews automatically 2.No IP change (or valid reassignment) 3.No traffic interruption | H3: BTS & CPE | I3: Functional | J3: Pass
A4: 3 | C4: DHCP_03 | E4: DHCPv4 Pool Exhaustion | F4: 1. Connect 6+ CPE’s to BTS 2. Enable DHCP client on all CPE’s 3. Observe IP allocation | G4: 1. Only 5 CPE’s receive IPs 2. Remaining CPE’s fail gracefully 3. No duplicate IP assignment | H4: BTS & CPE | I4: Negative | J4: Pass
A5: 4 | C5: DHCP_04 | E5: DHCPv4 Server Reboot Impact | F5: 1. Verify CPE has IP 2. Reboot BTS 3. Monitor CPE connectivity 4. Wait for lease renewal | G5: 1. CPE retains IP during outage 2. CPE renews lease after BTS recovery 3. Minimal traffic disruption | H5: BTS & CPE | I5: Negative | J5: Pass
A6: 5 | C6: DHCP_05 | E6: DHCPv4 Server Down During Renewal | F6: 1.Disable DHCP server on BTS 2. Wait for lease renewal time 3. Monitor CPE behavior | G6: 1. CPE fails to renew lease 2. Retains IP until expiry 3. Connectivity maintained until lease expiry | H6: BTS & CPE | I6: Functional | J6: Pass
A7: 6 | C7: DHCP_06 | E7: DHCPv4 Option Delivery Validation | F7: 1. Connect CPE 2. Obtain DHCP IP | G7: 1. Correct DNS assigned 2. Correct gateway assigned 3. No missing options | H7: BTS & CPE | I7: Functional | J7: Pass
A8: 7 | C8: DHCP_07 | E8: DHCPv4 Client Restart | F8: 1. Restart CPE network interface 2. Trigger DHCP request 3. Verify IP assignment | G8: 1. CPE re-acquires IP 2. No errors in DHCP process | H8: BTS & CPE | I8: Functional | J8: Pass
A9: 8 | C9: DHCP_08 | E9: DHCPv4 Release | F9: 1. Run DHCP release on CPE 2. Check BTS DHCP pool 3. Re-request IP | G9: 1. IP returned to pool 2. IP reassigned correctly on request | H9: BTS & CPE | I9: Functional | J9: Pass
A10: 9 | C10: DHCP_09 | E10: DHCPv4 Multiple Clients | F10: 1. Connect multiple CPE’s 2. Request DHCPv4 addresses 3. Verify assignments | G10: 1. Unique DHCPv4 IP addresses assigned 2. No duplication | H10: BTS & CPE | I10: Functional | J10: Pass
A11: 10 | C11: DHCP_10 | E11: Soft Reboot – CPE | F11: 1. Ensure CPE has DHCPv6 IP 2. Reboot via CLI/GUI 3. Verify IP after boot | G11: 1. DHCPv4 IP re-acquired automatically 2. Device reachable 3. No delay | H11: BTS & CPE | I11: Negative | J11: Pass
A12: 11 | C12: DHCP_11 | E12: Hard Reboot – CPE | F12: 1. Power OFF CPE 2. Wait 30 sec 3. Power ON 4. Verify IP | G12: 1. DHCPv4 IP assigned Successfully 2. No lease corruption | H12: BTS & CPE | I12: Negative | J12: Pass
A13: 12 | C13: DHCP_12 | E13: Soft Reset – CPE | F13: 1. SSH to Device & Run: /etc/init.d/network restart 2. Monitor interface 3. Verify IP | G13: 1. DHCPv4 restarts Successfully 2. IP re-assigned | H13: BTS & CPE | I13: Negative | J13: Pass
A14: 13 | C14: DHCP_13 | E14: Factory Reset (Retain Config) – CPE | F14: 1. Perform reset with retain option 2. Re-login device 3. Verify DHCPv4 config 4. Check IP | G14: 1. DHCPv4 config retained 2. IP obtained automatically | H14: BTS & CPE | I14: Negative | J14: Pass
... A22: 21 | C22: DHCP_21 | E22: DHCPv4 Server Down Scenario | F22: 1. Obtain IP on CPE 2. Disconnect Router DHCP 3. Restart CPE DHCPv4 client | G22: 1. Existing lease retained 2. No new IP after expiry | H22: BTS & CPE | I22: Negative | J22: Pass
A23: 22 | C23: DHCP_22 | E23: DHCPv6 Stateful Address Assignment | F23: 1. Enable DHCPv6 server on BTS 2. Connect CPE 3. Enable DHCPv6 client 4. Verify IPv6 addres | G23: 1. CPE receives DHCPv6 IP address 2. Lease information present 3. Address reachable | H23: BTS & CPE | I23: Functional | J23: Pass | L23: Test Setup : 1. BTS: DHCPv6 Enabled 2. BTS : Connected to Router (default forwarding behavior) 3. CPE : Connected over-the-air to BTS 4. Traffic Path: BTS ⇄ CPE 5. Roles: BTS → Static IP & DHCPv6 Server CPE → DHCPv6 Client (data)
A24: 23 | C24: DHCP_23 | E24: DHCPv6 Lease Renewal | F24: 1. Wait for renewal timer 2. Monitor DHCPv6 exchange 3. Verify address | G24: 1. Lease renewed automatically 2. No packet loss | H24: BTS & CPE | I24: Functional | J24: Pass
A25: 24 | C25: DHCP_24 | E25: DHCPv6 Prefix Delegation | F25: 1. Enable PD request on CPE 2. Verify assigned prefix 3. Configure downstream Subnet | G25: 1. Prefix assigned correctly 2. Subnet usable | H25: BTS & CPE | I25: Functional | J25: Pass
A26: 25 | C26: DHCP_25 | E26: DHCPv6 Server Reboot | F26: 1. Reboot BTS 2. Monitor CPE connectivity 3. Wait for renewal | G26: 1. CPE retains IPv6 temporarily 2. Lease renews after recovery | H26: BTS & CPE | I26: Functional | J26: Pass | L26: Taking time for link formation, because of Omni Antenna's
A27: 26 | C27: DHCP_26 | E27: DHCPv6 Rapid Commit | F27: 1. Start DHCPv6 client on CPE 2. Capture packets | G27: 1. 2-message exchange (Solicit/Reply) 2. Faster IP assignment | H27: BTS & CPE | I27: Functional | J27: Pass
A28: 27 | C28: DHCP_27 | E28: DHCPv6 Multiple Clients | F28: 1. Connect multiple CPE’s 2. Request IPv6 addresses 3. Verify assignments | G28: 1. Unique DHCPv6 IP addresses assigned 2. No duplication | H28: BTS & CPE | I28: Functional | J28: Pass
A29: 28 | C29: DHCP_28 | E29: Soft Reboot – CPE | F29: 1. Ensure CPE has DHCPv6 IP 2. Reboot via CLI/GUI 3. Verify IP after boot | G29: 1. DHCPv6 IP re-acquired automatically 2. Device reachable 3. No delay | H29: BTS & CPE | I29: Negative | J29: Pass
A30: 29 | C30: DHCP_29 | E30: Hard Reboot – CPE | F30: 1. Power OFF CPE 2. Wait for some time 3. Power ON 4. Verify IP | G30: 1. DHCPv6 IP assigned Successfully 2. No lease corruption | H30: BTS & CPE | I30: Negative | J30: Pass
A31: 30 | C31: DHCP_30 | E31: Soft Reset – CPE | F31: 1. SSH to Device & Run: /etc/init.d/network restart 2. Monitor interface 3. Verify IP | G31: 1. DHCPv6 restarts Successfully 2. IP re-assigned | H31: BTS & CPE | I31: Negative | J31: Pass
A32: 31 | C32: DHCP_31 | E32: Factory Reset (Retain Config) – CPE | F32: 1. Perform reset with retain option 2. Re-login device 3. Verify DHCP config 4. Check IP | G32: 1. DHCPv6 config retained 2. IP obtained automatically | H32: BTS & CPE | I32: Negative | J32: Pass
A33: 32 | C33: DHCP_32 | E33: Firmware Upgrade – CPE | F33: 1. Upgrade firmware (keep settings) 2. Wait for reboot 3. Verify IP | G33: 1. DHCP client persists 2. IP assigned post upgrade | H33: BTS & CPE | I33: Functional | J33: Pass
A34: 33 | C34: DHCP_33 | E34: Soft Reboot – BTS Impact | F34: 1. Ensure CPE has DHCP IP 2. Reboot BTS 3. Monitor CPE 4. Verify IP | G34: 1. Temporary disconnect 2. CPE retains/renews IP 3. Connectivity restored | H34: BTS & CPE | I34: Negative | J34: Pass
A35: 34 | C35: DHCP_34 | E35: Hard Reboot – BTS | F35: 1. Power OFF BTS 2. Wait 30 sec 3. Power ON 4. Verify CPE IP | G35: 1. CPE reconnects 2. DHCP works 3. No failure | H35: BTS & CPE | I35: Negative | J35: Pass
A36: 35 | C36: DHCP_35 | E36: Factory Reset (Retain Config) – BTS | F36: 1. Reset BTS with retain option 2. Reconnect CPE 3. Verify DHCP | G36: 1. BTS forwards DHCP 2. CPE gets IP from Router | H36: BTS & CPE | I36: Negative | J36: Pass
A37: 36 | C37: DHCP_36 | E37: Firmware Upgrade – BTS | F37: 1. Upgrade BTS firmware 2. Reboot 3. Connect CPE 4. Verify IP | G37: 1. DHCP works normally 2. No packet drop | H37: BTS & CPE | I37: Functional | J37: Pass
A38: 37 | C38: DHCP_37 | E38: Reboot During Traffic | F38: 1. Start traffic (iperf/ping) 2. Reboot BTS/CPE 3. Monitor traffic 4. Verify recovery | G38: 1. Temporary drop 2. Traffic reCPEmes 3. No data corruption | H38: BTS & CPE | I38: Negative | J38: Pass
... A55: 54 | C55: DHCP_54 | E55: DHCPv6 Server Down | F55: 1. Obtain IPv6 2. Stop server 3. Restart client | G55: 1. Lease retained until expiry | H55: BTS & CPE | I55: Negative | J55: Pass
A56: 55 | C56: DHCP_55 | E56: CPE Rejects DHCP IPv6 Assignment via BTS | F56: 1. Ensure Router DHCP enabled 2. Connect BTS to Router 3. Connect CPE over air 4. Enable DHCP client on CPE 5. Verify IP using ip a | G56: 1. CPE Rejects IPv6 from Router 2. Gateway/DNS correct 3. No DHCP from BTS | H56: BTS & CPE | I56: Negative | J56: Pass | L56: Test Setup : 1. Router/Server: DHCPv6 Enabled 2. BTS (BTS): Connected to Router (default forwarding behavior) 3. CPE (CPE): Connected over-the-air to BTS 4. Traffic Path: Router ⇄ BTS ⇄ CPE 5. Roles: BTS → Static IP/ DHCP Client CPE → DHCP Client (data)
A57: 56 | C57: DHCP_56 | E57: BTS & CPE as DHCP Clients | F57: 1. Enable DHCP client on BTS 2. Enable DHCP client on CPE 3. Verify IP on both devices | G57: 1. BTS & CPE Rejects IPv6 from Router. 2. Same CPEbnet 3. No IP conflict | H57: BTS & CPE | I57: Negative | J57: Pass
A58: 57 | C58: DHCP_57 | E58: CPE Rejects DHCP IPv4 Assignment via BTS | F58: 1. Ensure Router DHCP enabled 2. Connect BTS to Router 3. Connect CPE over air 4. Enable DHCP client on CPE 5. Verify IP using ip a | G58: 1. CPE Rejects IPv4 from Router 2. Gateway/DNS correct 3. No DHCP from BTS | H58: BTS & CPE | I58: Negative | J58: Fail | L58: Test Setup : 1. Router/Server: DHCPv4 Enabled 2. BTS (BTS): Connected to Router (default forwarding behavior) 3. CPE (CPE): Connected over-the-air to BTS 4. Traffic Path: Router ⇄ BTS ⇄ CPE 5. Roles: BTS → Static IP/ DHCP Client CPE → DHCP Client (data)
